# Hang Seng Index constituent changes from 2009 on, from the change table of
# https://zh.wikipedia.org/wiki/恒生指數 (retrieved 2026-09-25); dates are the effective
# dates listed there. Names mapped to HKEX codes by scripts/build_asia_changelogs.py
# (HSI_CODES). Index size after each change (the table's 成份股數量 column), used by
# the replay test: [["2009-06-08", 42], ["2010-03-08", 43], ["2010-09-06", 45], ["2011-02-16", 45], ["2011-06-07", 46], ["2011-12-05", 48], ["2012-05-10", 49], ["2012-12-12", 50], ["2013-03-04", 50], ["2013-06-17", 50], ["2014-03-10", 50], ["2014-12-08", 50], ["2015-03-18", 50], ["2015-05-27", 49], ["2015-06-03", 50], ["2016-03-14", 50], ["2016-09-05", 50], ["2017-03-06", 50], ["2017-07-19", 49], ["2017-09-04", 50], ["2017-11-23", 51], ["2017-12-02", 51], ["2018-03-05", 50], ["2018-06-04", 50], ["2018-09-10", 50], ["2019-03-11", 50], ["2020-09-07", 50], ["2020-12-07", 52], ["2021-03-15", 55], ["2021-06-07", 58], ["2021-09-06", 60], ["2021-12-06", 64], ["2022-03-07", 66], ["2022-06-13", 69], ["2022-09-05", 73], ["2022-12-05", 76], ["2023-06-05", 80], ["2023-09-04", 80], ["2023-12-04", 82], ["2024-06-11", 82], ["2024-12-09", 83], ["2025-06-09", 85], ["2025-09-08", 88], ["2025-12-08", 89], ["2026-01-15", 88], ["2026-03-09", 90], ["2026-06-08", 93]]
date,action,symbol,name
2009-06-08,in,0836.HK,華潤電力
2009-06-08,out,0551.HK,裕元工業
2010-03-08,in,1109.HK,華潤置地
2010-09-06,in,1880.HK,百麗國際
2010-09-06,in,1898.HK,中煤能源
2011-06-07,in,1044.HK,恒安國際
2011-06-07,in,1299.HK,友邦保險
2011-06-07,out,2038.HK,富士康國際
2011-12-05,in,0151.HK,中國旺旺
2011-12-05,in,0322.HK,康師傅控股
2012-05-10,in,1928.HK,金沙中國
2012-12-12,in,0135.HK,昆侖能源
2013-03-04,in,0992.HK,聯想集團
2013-03-04,out,2600.HK,中國鋁業
2013-06-17,in,0027.HK,銀河娛樂
2013-06-17,out,0330.HK,思捷環球
2014-03-10,in,2319.HK,蒙牛乳業
2014-03-10,out,1898.HK,中煤能源
2014-12-08,in,0823.HK,領匯房產基金
2014-12-08,out,1199.HK,中遠太平洋
2015-05-27,out,0013.HK,和記黃埔
2015-06-03,in,1113.HK,長實地產
2016-03-14,in,1038.HK,長江基建
2016-03-14,out,0291.HK,華潤啤酒
2016-09-05,in,2018.HK,瑞聲科技
2016-09-05,out,0322.HK,康師傅控股
2017-03-06,in,0175.HK,吉利汽車
2017-03-06,out,0494.HK,利豐
2017-07-19,out,1880.HK,百麗國際
2017-09-04,in,0288.HK,萬洲國際
2017-11-23,in,1997.HK,九龍倉置業
2017-12-02,in,2007.HK,碧桂園
2017-12-02,in,2382.HK,舜宇光學科技
2017-12-02,out,0135.HK,昆侖能源
2017-12-02,out,0293.HK,國泰航空
2018-03-05,out,0004.HK,九龍倉集團
2018-06-04,in,1093.HK,石藥集團
2018-06-04,out,0992.HK,聯想集團
2018-09-10,in,1177.HK,中國生物製藥
2018-09-10,in,2313.HK,申洲國際
2018-09-10,out,0023.HK,東亞銀行
2018-09-10,out,0144.HK,招商局港口
2019-03-11,in,0669.HK,創科實業
2019-03-11,out,0836.HK,華潤電力
2020-09-07,in,1810.HK,小米集團
2020-09-07,in,2269.HK,藥明生物
2020-09-07,in,9988.HK,阿里巴巴
2020-09-07,out,0083.HK,信和置業
2020-09-07,out,0151.HK,中國旺旺
2020-09-07,out,1088.HK,中國神華
2020-12-07,in,1876.HK,百威亞太
2020-12-07,in,2020.HK,安踏體育
2020-12-07,in,3690.HK,美團
2020-12-07,out,0019.HK,太古股份公司'A'
2021-03-15,in,0241.HK,阿里健康
2021-03-15,in,0960.HK,龍湖集團
2021-03-15,in,6862.HK,海底撈
2021-06-07,in,0968.HK,信義光能
2021-06-07,in,1211.HK,比亞迪股份
2021-06-07,in,6098.HK,碧桂園服務
2021-09-06,in,0868.HK,信義玻璃
2021-09-06,in,2331.HK,李寧集團
2021-09-06,in,3968.HK,招商銀行
2021-09-06,out,3328.HK,交通銀行
2021-12-06,in,0291.HK,華潤啤酒
2021-12-06,in,2688.HK,新奧能源
2021-12-06,in,9618.HK,京東集團
2021-12-06,in,9999.HK,網易
2022-03-07,in,0992.HK,聯想集團
2022-03-07,in,9633.HK,農夫山泉
2022-06-13,in,0316.HK,東方海外國際
2022-06-13,in,0881.HK,中升控股
2022-06-13,in,0981.HK,中芯國際
2022-06-13,in,1378.HK,中國宏橋
2022-06-13,out,2018.HK,瑞聲科技
2022-09-05,in,1088.HK,中國神華
2022-09-05,in,1929.HK,周大福
2022-09-05,in,3692.HK,翰森製藥
2022-09-05,in,9888.HK,百度集團
2022-12-05,in,0322.HK,康師傅控股
2022-12-05,in,1209.HK,華潤萬象生活
2022-12-05,in,6690.HK,海爾智家
2023-06-05,in,0836.HK,華潤電力
2023-06-05,in,2899.HK,紫金礦業
2023-06-05,in,6618.HK,京東健康
2023-06-05,in,9961.HK,攜程集團
2023-09-04,in,1099.HK,國藥控股
2023-09-04,out,2007.HK,碧桂園
2023-12-04,in,2015.HK,理想汽車
2023-12-04,in,2359.HK,藥明康德
2024-06-11,in,0285.HK,比亞迪電子
2024-06-11,out,6098.HK,碧桂園服務
2024-12-09,in,1024.HK,快手
2024-12-09,in,9901.HK,新東方
2024-12-09,out,0017.HK,新世界發展
2025-06-09,in,0300.HK,美的集團
2025-06-09,in,2057.HK,中通快遞
2025-09-08,in,0728.HK,中國電信
2025-09-08,in,2618.HK,京東物流
2025-09-08,in,9992.HK,泡泡瑪特
2025-12-08,in,1801.HK,信達生物
2026-01-15,out,0011.HK,恒生銀行
2026-03-09,in,3750.HK,寧德時代
2026-03-09,in,3993.HK,洛陽鉬業
2026-03-09,in,6181.HK,老鋪黃金
2026-03-09,out,0881.HK,中升控股
2026-06-08,in,1519.HK,极兔速递
2026-06-08,in,2600.HK,中國鋁業
2026-06-08,in,6160.HK,百濟神州
