trial,name,family,track,recorded_verdict,recorded_val_sharpe,before_val_sharpe,before_val_cagr,before_val_maxdd,before_train_sharpe,before_null_pctile,before_ir_vs_ew,before_stock_share,widened_val_sharpe,widened_val_cagr,widened_val_maxdd,widened_train_sharpe,widened_null_pctile,widened_ir_vs_ew,widened_stock_share,after_val_sharpe,after_val_cagr,after_val_maxdd,after_train_sharpe,after_null_pctile,after_ir_vs_ew,after_stock_share,ported_val_sharpe,ported_null_pctile,rank_before,rank_after,rank_change,sharpe_change,null90_before,null90_after,source_mismatch
87,sc_seasonal_depth_narrow,seasonality-calendar,scout,FAMILY_LEAD,0.8460,0.8460,0.1718,-0.3318,0.8540,0.8850,0.5390,0.9550,0.8070,0.1604,-0.3707,1.1480,0.9700,0.4690,0.9466,0.8710,0.1708,-0.3522,0.5900,1.0000,0.8220,0.9386,,,63,1,62,0.0250,False,True,False
79,pl_union_region_relative_illiq,portfolio-learning,scout,SCOUT,0.9540,0.9540,0.1784,-0.2889,0.6500,0.9900,0.8790,0.9194,0.8100,0.1403,-0.2973,0.9050,0.9850,0.4230,0.7542,0.8490,0.1493,-0.2993,0.5310,1.0000,0.9280,0.7778,,,41,2,39,-0.1050,True,True,False
71,pl_fixed_share_tails,portfolio-learning,scout,SCOUT,0.9580,0.9580,0.1786,-0.3035,0.6780,0.9850,0.8510,0.8846,0.8060,0.1437,-0.3200,0.8950,0.9800,0.4650,0.8532,0.8400,0.1486,-0.3115,0.5490,1.0000,0.9030,0.8431,,,40,3,37,-0.1180,True,True,False
68,pl_maxleg_signal_blend,portfolio-learning,scout,FAMILY_LEAD,1.0080,1.0080,0.1764,-0.2760,0.6240,1.0000,0.7470,0.8768,0.7460,0.1217,-0.2877,0.7800,0.9800,0.1750,0.8835,0.8150,0.1362,-0.3091,0.5360,1.0000,0.6510,0.8753,,,35,4,31,-0.1930,True,True,False
76,pl_3leg_ladder_rung,portfolio-learning,scout,SCOUT,0.8890,0.8890,0.1524,-0.2837,0.6960,0.9600,0.4530,0.8734,0.7110,0.1157,-0.3371,0.9520,0.8600,0.1360,0.8379,0.7770,0.1278,-0.3404,0.6380,0.9950,0.6430,0.8414,,,50,5,45,-0.1120,True,True,False
77,pl_zeroleg_all_placebo,portfolio-learning,scout,SCOUT,0.7590,0.7590,0.1203,-0.3133,0.4710,0.8050,0.0850,0.7238,0.7530,0.1152,-0.3045,0.6170,0.9100,0.1340,0.7034,0.7720,0.1188,-0.3034,0.4520,1.0000,0.6510,0.6957,,,71,6,65,0.0130,False,True,False
72,sc_seasonal_matched_control,seasonality-calendar,scout,FAMILY_LEAD,0.7820,0.7820,0.1422,-0.3417,0.5770,0.9000,0.3930,0.9012,0.7170,0.1235,-0.3327,0.8050,0.9850,0.2370,0.8690,0.7660,0.1322,-0.3466,0.5520,1.0000,0.7110,0.8444,,,70,7,63,-0.0160,True,True,False
70,pl_second_best_leg,portfolio-learning,scout,SCOUT,0.7530,0.7530,0.1321,-0.3697,0.6000,0.6900,0.2220,0.9429,0.7170,0.1285,-0.3447,0.8150,0.9650,0.3030,0.8749,0.7620,0.1339,-0.3512,0.5530,1.0000,0.7660,0.8713,,,74,8,66,0.0090,False,True,False
58,ll_group_lastmonth_lead,lead-lag-spillover,scout,FAMILY_LEAD,0.6880,0.6880,0.1001,-0.3108,0.6410,0.6100,-0.2180,0.8022,0.8150,0.1194,-0.2496,0.8290,0.9950,0.1320,0.7974,0.7260,0.1040,-0.2525,0.6790,1.0000,0.3510,0.7856,,,81,9,72,0.0380,False,True,False
69,pl_maxleg_rank_control,portfolio-learning,scout,SCOUT,0.8770,0.8770,0.1502,-0.2885,0.6210,0.9550,0.4670,0.8627,0.6560,0.1048,-0.3047,0.7600,0.8900,0.0170,0.8705,0.7250,0.1142,-0.2970,0.5290,1.0000,0.4350,0.8581,,,52,10,42,-0.1520,True,True,False
23,mom_multihorizon_zscore_sectorneutral,cross-sectional momentum,challenge,REJECT,0.8740,0.8740,0.1781,-0.3233,0.9280,0.9450,0.5250,0.7637,0.8550,0.1717,-0.3153,0.9330,0.9750,0.4740,0.7413,0.6900,0.1232,-0.3103,0.7370,0.9550,0.3950,0.7343,,,55,11,44,-0.1840,True,True,False
62,ll_group_laggard_diffusion,lead-lag-spillover,scout,SCOUT,0.6650,0.6650,0.0996,-0.3164,0.6670,0.7050,-0.2090,0.7900,0.7260,0.1079,-0.2488,0.8030,0.9600,0.0190,0.7898,0.6470,0.0942,-0.2618,0.6410,0.9950,0.2580,0.7799,,,85,12,73,-0.0180,False,True,False
33,mom_zscore_overlap6_fixed_anchor,cross-sectional momentum,challenge,REJECT,1.0950,1.0950,0.2436,-0.2693,0.9680,0.9550,0.8420,0.9540,1.3020,0.3269,-0.2921,1.0070,1.0000,1.1070,1.0000,0.6280,0.1263,-0.4034,0.5790,0.9350,0.4170,0.9963,,,19,13,6,-0.4670,True,True,False
42,mom_zscore_overlap6_hzn_avg4,cross-sectional momentum,challenge,PROMOTE,1.1200,1.1200,0.2565,-0.2780,0.9700,0.9850,0.9000,0.9508,1.3270,0.3414,-0.2706,1.0650,1.0000,1.1370,0.9982,0.6280,0.1261,-0.3897,0.5880,0.8950,0.4160,0.9956,0.4740,0.3050,14,13,1,-0.4920,True,False,False
46,mom_hzn_avg4_k6_cohort_trim,cross-sectional momentum,challenge,REJECT,1.1070,1.1070,0.2516,-0.2851,0.9620,0.9850,0.8710,0.9507,1.2790,0.3193,-0.2833,1.0790,0.9950,1.0520,0.9982,0.6280,0.1261,-0.3897,0.5880,0.8950,0.4160,0.9956,,,16,13,3,-0.4790,True,False,False
41,mom_zscore_overlap6_hzn_avg,cross-sectional momentum,challenge,PROMOTE,1.1120,1.1120,0.2613,-0.2847,0.9620,0.9700,0.8840,0.9543,1.3670,0.3642,-0.2772,1.0130,1.0000,1.1720,0.9982,0.6120,0.1247,-0.4055,0.5640,0.8650,0.3910,0.9961,0.4740,0.3500,15,16,-1,-0.5000,True,False,False
32,mom_zscore_overlap6_daily_trim,cross-sectional momentum,challenge,REJECT,1.1070,1.1070,0.2691,-0.2911,0.9780,0.9650,0.8790,0.9563,1.4200,0.3998,-0.2703,0.9730,1.0000,1.2370,1.0000,0.6060,0.1285,-0.4236,0.5620,0.8700,0.3930,0.9990,,,16,17,-1,-0.5010,True,False,False
35,mom_zscore_overlap6_daily_trim,cross-sectional momentum,challenge,PROMOTE,1.1070,1.1070,0.2691,-0.2911,0.9780,0.9650,0.8790,0.9563,1.4200,0.3998,-0.2703,0.9730,1.0000,1.2370,1.0000,0.6060,0.1285,-0.4236,0.5620,0.8700,0.3930,0.9990,0.4760,0.4300,16,17,-1,-0.5010,True,False,False
38,mom_zscore_overlap6_notrim,cross-sectional momentum,challenge,REJECT,1.0620,1.0620,0.2691,-0.3028,0.9420,0.9850,0.9120,0.9567,1.3560,0.3964,-0.3486,0.9680,1.0000,1.2380,1.0000,0.6060,0.1285,-0.4236,0.5620,0.8700,0.3930,0.9990,,,24,17,7,-0.4560,True,False,False
40,mom_zscore_overlap6_legacy_trim,regime switching,challenge,REJECT,1.0810,1.0810,0.2574,-0.2911,0.9760,0.9550,0.8260,0.9561,1.3300,0.3584,-0.2838,1.0160,1.0000,1.1020,1.0000,0.6060,0.1285,-0.4236,0.5620,0.8700,0.3930,0.9990,,,21,17,4,-0.4750,True,False,False
39,mom_zscore_overlap6_market_trim,regime switching,challenge,REJECT,1.0550,1.0550,0.2505,-0.3060,0.9700,0.9600,0.7900,0.9563,1.3530,0.3709,-0.2926,1.0150,1.0000,1.1430,1.0000,0.6040,0.1211,-0.3932,0.5890,0.7650,0.3340,0.9989,,,26,21,5,-0.4510,True,False,False
88,sc_seasonal_depth_wide,seasonality-calendar,scout,SCOUT,0.7050,0.7050,0.1181,-0.3259,0.4380,0.6700,0.0840,0.8314,0.6810,0.1108,-0.3432,0.6970,0.9700,0.1020,0.7834,0.6040,0.0945,-0.3347,0.4790,0.9950,0.3310,0.7681,,,79,21,58,-0.1010,False,True,False
54,mom_hzn_avg4_rankweight,cross-sectional momentum,challenge,REJECT,1.1230,1.1230,0.2372,-0.2673,0.9590,0.9700,0.8520,0.9509,1.3190,0.3423,-0.3086,0.9930,1.0000,1.0860,0.9985,0.5930,0.1202,-0.4105,0.6350,0.9500,0.3630,0.9956,,,13,23,-10,-0.5300,True,True,False
37,mom_zscore_overlap6_trim_universe,cross-sectional momentum,challenge,REJECT,1.0500,1.0500,0.2469,-0.3080,0.9690,0.9650,0.7800,0.9562,1.4160,0.3963,-0.2628,1.0240,1.0000,1.2260,1.0000,0.5920,0.1178,-0.3970,0.6010,0.7200,0.3180,0.9989,,,30,24,6,-0.4580,True,False,False
34,mom_zscore_overlap6_live_tranche,cross-sectional momentum,challenge,REJECT,1.0230,1.0230,0.2567,-0.3091,0.9580,0.9200,0.7640,0.9619,1.3250,0.4187,-0.2758,0.9070,1.0000,1.1170,1.0000,0.5880,0.1348,-0.4161,0.5490,0.8300,0.3790,0.9994,,,33,25,8,-0.4350,True,False,False
73,pl_2leg_content_partner,portfolio-learning,scout,SCOUT,0.7860,0.7860,0.1556,-0.3554,0.8060,0.7750,0.4880,0.9033,0.9240,0.2330,-0.5115,1.0590,1.0000,0.8470,1.0000,0.5870,0.1220,-0.5121,0.4080,0.9750,0.4850,0.9985,,,69,26,43,-0.1990,False,True,False
52,mom_hzn_avg4_equalweight,cross-sectional momentum,challenge,REJECT,1.0230,1.0230,0.1909,-0.2430,0.9510,0.9350,0.6340,0.9470,1.3270,0.3128,-0.3051,0.9990,1.0000,1.0810,0.9975,0.5840,0.1116,-0.3958,0.6060,0.9750,0.3330,0.9945,,,33,27,6,-0.4390,True,True,False
47,mom_hzn_avg4_subsample_bag3,combinations,challenge,REJECT,1.1800,1.1800,0.2548,-0.2692,0.9440,1.0000,0.9440,0.9384,1.3150,0.3404,-0.3158,1.0550,1.0000,1.0870,0.9972,0.5820,0.1153,-0.3891,0.6020,0.9450,0.3380,0.9947,,,7,28,-21,-0.5980,True,True,False
65,pt_raw_reversal_control,price-trend,scout,FAMILY_LEAD,0.7010,0.7010,0.1376,-0.3848,0.7370,0.7300,0.2860,0.8455,0.6730,0.1759,-0.5251,0.6810,0.9000,0.4490,0.9985,0.5700,0.1372,-0.5504,0.4420,0.9850,0.4600,0.9986,,,80,29,51,-0.1310,False,True,False
53,mom_hzn_avg4_noagree,cross-sectional momentum,challenge,REJECT,1.1860,1.1860,0.2746,-0.2913,0.9290,0.9850,0.9780,0.9505,1.2310,0.3288,-0.3857,1.0290,1.0000,1.0190,0.9979,0.5680,0.1119,-0.3874,0.5640,0.9000,0.3200,0.9947,,,6,30,-24,-0.6180,True,True,False
22,mom_multihorizon_zscore_damped_buffered,cross-sectional momentum,challenge,REJECT,0.9850,0.9850,0.2321,-0.3368,0.9440,0.9500,0.7820,0.9550,1.2460,0.3721,-0.4057,0.9950,1.0000,1.1060,1.0000,0.5670,0.1206,-0.4473,0.6290,0.8750,0.3460,0.9978,,,38,31,7,-0.4180,True,False,False
85,pt_depth_vs_vintage_breadth,price-trend,scout,FAMILY_LEAD,1.1660,1.1660,0.2558,-0.2648,0.9390,1.0000,0.9330,0.9387,1.3830,0.3715,-0.3075,1.0460,1.0000,1.1960,0.9974,0.5590,0.1097,-0.3963,0.6010,0.8750,0.3070,0.9946,,,8,32,-24,-0.6070,True,False,False
36,mom_zscore_overlap6_ddbrake,regime switching,challenge,REJECT,0.9890,0.9890,0.2139,-0.3332,0.9930,0.9300,0.6390,0.9585,1.3340,0.3434,-0.2528,1.0410,1.0000,1.0840,1.0000,0.5550,0.1014,-0.3350,0.5520,0.7350,0.2250,0.9989,,,37,33,4,-0.4340,True,False,False
50,mom_hzn_avg4_no_resize,cross-sectional momentum,challenge,REJECT,0.9250,0.9250,0.1951,-0.3296,0.9360,0.7650,0.5590,0.9608,0.9980,0.2430,-0.3659,0.9300,0.9250,0.7000,0.9979,0.5550,0.1066,-0.3470,0.5380,0.8450,0.2920,0.9942,,,44,33,11,-0.3700,False,False,False
86,pt_depth_breadth_pinned,price-trend,scout,SCOUT,1.1350,1.1350,0.2290,-0.2568,0.9210,0.9950,0.8670,0.9210,1.3190,0.3266,-0.3025,1.0530,1.0000,1.1030,0.9969,0.5550,0.1042,-0.3844,0.5970,0.9000,0.2870,0.9940,,,11,33,-22,-0.5800,True,True,False
43,mom_zscore_hzn_avg4_k1,cross-sectional momentum,challenge,PROMOTE,1.1870,1.1870,0.2875,-0.2899,0.9350,1.0000,1.0060,0.9510,1.3930,0.4070,-0.3204,1.0210,1.0000,1.2150,0.9983,0.5440,0.1115,-0.4192,0.6100,0.8900,0.3040,0.9956,0.4050,0.3500,5,36,-31,-0.6430,True,False,False
45,mom_hzn_avg4_k1_cohort_trim,regime switching,challenge,PROMOTE,1.2010,1.2010,0.2859,-0.2869,0.9420,1.0000,0.9960,0.9509,1.2990,0.3641,-0.3320,1.0310,1.0000,1.0790,0.9983,0.5440,0.1115,-0.4192,0.6100,0.8900,0.3040,0.9956,0.3650,0.2900,4,36,-32,-0.6570,True,False,False
51,mom_hzn_avg4_nobuffer,cross-sectional momentum,challenge,PROMOTE,1.2290,1.2290,0.3096,-0.2960,0.9310,0.9850,1.0450,0.9531,1.2990,0.3827,-0.3417,1.0260,1.0000,1.0840,0.9989,0.5330,0.1112,-0.4328,0.6110,0.8200,0.2970,0.9965,0.3630,0.4000,3,38,-35,-0.6960,True,False,False
67,pl_integrated_signal_blend,portfolio-learning,scout,FAMILY_LEAD,0.6350,0.6350,0.1066,-0.3381,0.6360,0.3150,-0.0620,0.9001,0.5460,0.0852,-0.3417,0.8460,0.5550,-0.2100,0.8631,0.5310,0.0825,-0.3607,0.5740,0.9100,0.1860,0.8552,,,88,39,49,-0.1040,False,True,False
74,pl_2leg_null_partner,portfolio-learning,scout,SCOUT,0.9130,0.9130,0.1624,-0.2892,0.8100,1.0000,0.6350,0.8660,0.8850,0.1773,-0.3995,1.0770,0.9900,0.7070,0.9847,0.5310,0.0900,-0.3983,0.5110,0.9700,0.2740,0.9807,,,47,39,8,-0.3820,True,True,False
21,mom_multihorizon_zscore_buffered,cross-sectional momentum,challenge,REJECT,1.0280,1.0280,0.2730,-0.3601,0.9400,0.9750,0.8520,0.9567,1.2810,0.4199,-0.4172,0.9560,1.0000,1.1420,1.0000,0.5270,0.1153,-0.4774,0.6390,0.8100,0.3100,0.9990,,,31,41,-10,-0.5010,True,False,False
28,mom_zscore_narrow_daily_volspike_trim,cross-sectional momentum,challenge,REJECT,1.0660,1.0660,0.2695,-0.3030,0.9590,0.9700,0.8270,0.9563,1.3550,0.4273,-0.3070,0.9490,1.0000,1.1650,1.0000,0.5270,0.1153,-0.4774,0.6390,0.8100,0.3100,0.9990,,,23,41,-18,-0.5390,True,False,False
29,mom_zscore_volspike_hedge_redirect,cross-sectional momentum,challenge,REJECT,1.0730,1.0730,0.2725,-0.3066,0.9650,0.9900,0.8350,0.9437,1.3650,0.4325,-0.3191,0.9490,1.0000,1.1730,0.9862,0.5270,0.1153,-0.4774,0.6390,0.8100,0.3100,0.9990,,,22,41,-19,-0.5460,True,False,False
83,pl_signal_intersection,portfolio-learning,scout,SCOUT,0.8040,0.8040,0.1572,-0.3700,0.6720,0.7100,0.4330,0.9400,1.3580,0.3098,-0.3226,0.4490,1.0000,0.8540,1.0000,0.5240,0.1333,-0.6852,0.5240,0.6750,0.3960,1.0000,,,66,44,22,-0.2800,False,False,False
55,mom_hzn_disjoint4_overlap6,cross-sectional momentum,challenge,REJECT,1.0830,1.0830,0.2139,-0.2744,0.9600,0.9950,0.8880,0.9311,1.1400,0.2450,-0.3028,0.9810,1.0000,0.9290,0.9972,0.5230,0.0886,-0.3647,0.5660,0.7000,0.2290,0.9922,,,20,45,-25,-0.5600,True,False,False
44,mom_zscore_hzn_geom4_k1,cross-sectional momentum,challenge,REJECT,1.1660,1.1660,0.2802,-0.2972,0.9370,0.9900,0.9760,0.9483,1.3360,0.3858,-0.3519,1.0280,1.0000,1.1510,0.9978,0.5120,0.1019,-0.3988,0.6310,0.7550,0.2570,0.9951,,,8,46,-38,-0.6540,True,False,False
64,lv_trading_time_reversal,liquidity-volume,scout,SCOUT,0.5900,0.5900,0.1065,-0.3829,0.7670,0.2950,-0.0070,0.8348,0.7460,0.1992,-0.4590,0.6960,0.9500,0.5370,0.9986,0.5060,0.1180,-0.5518,0.4460,0.9450,0.3720,0.9987,,,91,47,44,-0.0840,False,True,False
5,gtaa_trend_diversified,time-series momentum / trend following,challenge,REJECT,0.5050,0.5050,0.0353,-0.1603,0.5110,0.8000,-0.6240,0.0000,0.5050,0.0353,-0.1603,0.7850,0.7950,-0.5350,0.0000,0.5050,0.0353,-0.1603,0.7850,0.7950,-0.3040,0.0000,,,93,48,45,0.0000,False,False,False
94,lv_overnight_sentiment_reversal,liquidity-volume,scout,SCOUT,0.8220,0.8220,0.1293,-0.3014,0.4810,0.7000,0.1700,0.7898,0.7480,0.1142,-0.2940,0.6090,0.6450,0.1030,0.9707,0.4960,0.0702,-0.3346,0.5470,0.5800,-0.0040,0.9581,,,64,49,15,-0.3260,False,False,False
61,sl_ridge_nontrend_block,statistical-learning,scout,FAMILY_LEAD,0.6340,0.6340,0.1004,-0.3591,0.7490,0.1300,-0.1540,0.7942,0.7770,0.1362,-0.2956,0.6340,0.9950,0.2290,1.0000,0.4950,0.0858,-0.3904,0.5090,0.9250,0.1990,0.9405,,,89,50,39,-0.1390,False,True,False
3,ew_global_etf,volatility targeting / risk parity,challenge,REJECT,0.4920,0.4920,0.0445,-0.1964,0.4170,0.6150,-0.7860,0.0000,0.4920,0.0445,-0.1964,0.6750,0.5800,-0.6230,0.0000,0.4920,0.0445,-0.1964,0.6750,0.5800,-0.3090,0.0000,,,95,51,44,0.0000,False,False,False
12,str_reversal_monthly,short-term mean reversion,challenge,REJECT,0.8200,0.8200,0.1793,-0.3549,0.7530,0.8950,0.5790,1.0000,0.6530,0.1776,-0.5598,0.6490,0.8750,0.4380,0.9990,0.4900,0.1140,-0.5732,0.4280,0.9150,0.3520,0.9990,,,65,52,13,-0.3300,False,True,False
24,mom_multihorizon_zscore_widebreadth,cross-sectional momentum,challenge,REJECT,1.0280,1.0280,0.2591,-0.3564,0.9120,0.9800,0.8550,0.9507,1.2640,0.3890,-0.4044,0.9840,1.0000,1.1240,0.9995,0.4830,0.0973,-0.4588,0.6070,0.7250,0.2350,0.9969,,,31,53,-22,-0.5450,True,False,False
25,mom_zscore_volspike_trim,cross-sectional momentum,challenge,REJECT,1.0070,1.0070,0.2476,-0.3564,0.9370,0.9800,0.8030,0.9503,1.2210,0.3641,-0.4044,0.9970,1.0000,1.0540,0.9995,0.4830,0.0973,-0.4588,0.6070,0.7250,0.2350,0.9969,,,36,53,-17,-0.5240,True,False,False
26,mom_zscore_daily_volspike_trim,cross-sectional momentum,challenge,REJECT,1.0140,1.0520,0.2491,-0.2949,0.9380,0.9650,0.7950,0.9505,1.3380,0.3940,-0.2992,0.9800,1.0000,1.1390,0.9995,0.4830,0.0973,-0.4588,0.6070,0.7250,0.2350,0.9969,,,28,53,-25,-0.5690,True,False,True
27,mom_zscore_daily_volspike_trim_fixed,cross-sectional momentum,challenge,REJECT,1.0520,1.0520,0.2491,-0.2949,0.9380,0.9650,0.7950,0.9505,1.3380,0.3940,-0.2992,0.9800,1.0000,1.1390,0.9995,0.4830,0.0973,-0.4588,0.6070,0.7250,0.2350,0.9969,,,28,53,-25,-0.5690,True,False,False
20,mom_zscore_weighted_buffered,cross-sectional momentum,challenge,REJECT,0.9850,0.9850,0.2543,-0.3239,0.9460,0.9500,0.7950,0.9548,1.3000,0.4161,-0.3856,0.8930,1.0000,1.1580,0.9990,0.4820,0.0995,-0.4315,0.5080,0.7150,0.2380,0.9970,,,38,57,-19,-0.5030,True,False,False
10,mom_etf_volweighted_blend,combinations,challenge,REJECT,0.7570,0.7570,0.0912,-0.2194,0.6370,0.9950,-0.4060,0.2922,0.9520,0.1204,-0.2308,0.8650,1.0000,0.0920,0.2498,0.4700,0.0536,-0.2377,0.6360,0.5600,-0.2230,0.2830,,,72,58,14,-0.2870,True,False,False
16,mom_str_reversal_buffered,combinations,challenge,REJECT,0.8830,0.8830,0.1729,-0.3094,0.9200,0.8100,0.6230,1.0000,1.0540,0.2650,-0.4059,0.9810,1.0000,0.9320,0.9998,0.4590,0.0842,-0.4296,0.5740,0.7750,0.1910,0.9998,,,51,59,-8,-0.4240,False,False,False
97,lv_illiq_evar_signflip,liquidity-volume,scout,SCOUT,0.7250,0.7250,0.1336,-0.3580,0.3770,0.2700,0.3530,0.7734,0.7330,0.1406,-0.4005,0.8570,0.6300,0.3600,0.9947,0.4560,0.0892,-0.5159,0.6770,0.4350,0.2620,0.9896,,,77,60,17,-0.2690,False,False,False
19,mom_rankweighted_buffered,cross-sectional momentum,challenge,REJECT,0.9270,0.9270,0.2109,-0.3163,0.9590,0.8900,0.6840,0.9540,1.1430,0.3252,-0.3753,0.9040,1.0000,0.9660,0.9989,0.4470,0.0856,-0.4294,0.5660,0.6350,0.1800,0.9966,,,43,61,-18,-0.4800,False,False,False
49,mom_hzn_avg4_weekly_resize,cross-sectional momentum,challenge,REJECT,1.0590,1.0590,0.2386,-0.2891,0.9340,0.9800,0.7750,0.9504,1.1340,0.2972,-0.3328,1.0680,1.0000,0.8710,0.9979,0.4430,0.0819,-0.4432,0.5370,0.8300,0.1560,0.9950,,,25,62,-37,-0.6160,True,False,False
14,mom_str_reversal_blend,combinations,challenge,REJECT,0.8700,0.8700,0.1777,-0.3066,0.9430,0.8000,0.6160,1.0000,1.1300,0.2925,-0.3891,0.9640,1.0000,1.0310,0.9998,0.4310,0.0784,-0.4485,0.5830,0.6950,0.1560,0.9998,,,57,63,-6,-0.4390,False,False,False
93,pl_factor_momentum_untimed,portfolio-learning,scout,SCOUT,0.8670,0.8670,0.1442,-0.3050,0.7040,1.0000,0.9190,0.7876,0.8830,0.1309,-0.2711,0.8960,1.0000,0.3240,0.8975,0.4200,0.0574,-0.3497,0.6040,0.2950,-0.2060,0.9077,,,60,64,-4,-0.4470,True,False,False
18,mom_buffered_etf_blend,combinations,challenge,REJECT,0.8770,0.8770,0.1566,-0.2815,0.8960,0.9450,0.4340,0.7617,1.0320,0.2284,-0.3351,0.9400,1.0000,0.7620,0.7928,0.4180,0.0675,-0.3801,0.6010,0.3850,0.0410,0.7952,,,52,65,-13,-0.4590,True,False,False
15,mom_str_reversal_composite,combinations,challenge,REJECT,0.8700,0.8700,0.1803,-0.2869,0.9530,0.8800,0.5570,1.0000,1.3000,0.3634,-0.3483,0.9030,1.0000,1.1830,1.0000,0.4040,0.0721,-0.4155,0.5550,0.5250,0.1120,1.0000,,,57,66,-9,-0.4660,False,False,False
100,rv_minvar_equalweight,range-variance,scout,FAMILY_LEAD,0.7340,0.7340,0.0805,-0.2728,1.0470,0.6400,-0.4540,0.6607,0.5680,0.0578,-0.2750,0.7100,0.0200,-0.5200,0.9280,0.4010,0.0402,-0.2889,0.5210,0.0400,-0.3560,0.9253,,,76,67,9,-0.3330,False,False,False
17,mom_12m_buffered,cross-sectional momentum,challenge,REJECT,0.8970,0.8970,0.1830,-0.3025,0.9100,0.8550,0.5900,0.9522,1.0480,0.2726,-0.3669,0.9450,0.9950,0.8500,0.9971,0.3960,0.0689,-0.4397,0.5860,0.4150,0.0870,0.9940,,,48,68,-20,-0.5010,False,False,False
30,mom_12m_daily_volspike_trim,cross-sectional momentum,challenge,REJECT,0.8960,0.8960,0.1822,-0.3025,0.9180,0.8600,0.5840,0.9522,1.1420,0.2873,-0.3350,0.9650,0.9950,0.8940,0.9971,0.3960,0.0689,-0.4397,0.5860,0.4150,0.0870,0.9940,,,49,68,-19,-0.5000,False,False,False
48,mom_hzn_avg4_phase4,combinations,challenge,REJECT,1.1250,1.1250,0.2604,-0.2890,0.9600,0.9750,0.8820,0.9499,1.0300,0.2687,-0.3664,1.1000,0.9800,0.7500,0.9986,0.3920,0.0689,-0.4277,0.5770,0.5100,0.0900,0.9957,,,12,70,-58,-0.7330,True,False,False
95,rv_sleeve_voltarget_phi05,range-variance,scout,SCOUT,0.3900,0.3900,0.0438,-0.2567,0.2740,0.0000,-1.3220,0.0000,0.3900,0.0438,-0.2567,0.4440,0.0000,-0.7890,0.0000,0.3900,0.0438,-0.2567,0.4440,0.0000,-0.3670,0.0000,,,97,71,26,0.0000,False,False,False
75,pl_2leg_placebo_partner,portfolio-learning,scout,SCOUT,0.7990,0.7990,0.1372,-0.3083,0.8260,0.9550,0.3680,0.8078,0.8850,0.1650,-0.3978,0.9870,1.0000,0.6520,0.9766,0.3830,0.0443,-0.3127,0.4220,0.7400,-0.3840,0.9689,,,67,72,-5,-0.4160,True,False,False
9,mom_etf_blend,combinations,challenge,REJECT,0.8500,0.8500,0.1565,-0.2782,0.9350,0.8800,0.4080,0.7651,1.1240,0.2583,-0.3156,0.9390,1.0000,0.8800,0.7930,0.3800,0.0606,-0.3956,0.6010,0.4250,0.0070,0.7963,,,62,73,-11,-0.4700,False,False,False
98,pt_mom_evar_arbrisk,price-trend,challenge,PROMOTE,1.2690,1.2690,0.2379,-0.2277,1.0730,1.0000,0.8820,0.7966,1.3400,0.3267,-0.2894,1.1250,1.0000,1.0980,0.9847,0.3730,0.0540,-0.3499,0.6510,0.1850,-0.0910,0.9622,0.1930,0.0050,1,74,-73,-0.8960,True,False,False
103,pt_mom_seasonal_deferral,price-trend,challenge,REJECT,1.2580,1.2580,0.2287,-0.2232,1.0790,1.0000,0.8380,0.7895,1.3400,0.3169,-0.2844,1.1340,1.0000,1.0890,0.9833,0.3710,0.0531,-0.3446,0.6610,0.2600,-0.1070,0.9604,,,2,75,-73,-0.8870,True,False,False
90,sl_ppp_walkforward,statistical-learning,scout,FAMILY_LEAD,0.8750,0.8750,0.1516,-0.3361,0.9290,0.9900,0.6670,0.8169,0.7450,0.1161,-0.3658,0.8120,1.0000,0.2550,0.9804,0.3650,0.0497,-0.4136,0.3820,0.1650,-0.4120,0.9870,,,54,76,-22,-0.5100,True,False,False
1,mom_12m_baseline,cross-sectional momentum,challenge,PROMOTE,0.8650,0.8650,0.1824,-0.2986,0.9490,0.7850,0.5480,0.9563,1.1430,0.3110,-0.3504,0.9410,1.0000,0.9650,0.9981,0.3560,0.0598,-0.4579,0.5850,0.4000,0.0490,0.9954,0.5190,0.8200,61,77,-16,-0.5090,False,False,False
8,risk_parity_multi_asset,volatility targeting / risk parity,challenge,REJECT,0.3530,0.3530,0.0249,-0.1855,0.5190,0.4100,-0.8410,0.0000,0.3530,0.0249,-0.1855,0.8400,0.3550,-0.7170,0.0000,0.3530,0.0249,-0.1855,0.8400,0.3550,-0.4390,0.0000,,,101,78,23,0.0000,False,False,False
2,gtaa_trend_etf,time-series momentum / trend following,challenge,GATE_FAIL,0.3500,0.3500,0.0252,-0.1519,0.3810,0.3900,-0.6940,0.0000,0.3500,0.0252,-0.1519,0.6170,0.3650,-0.5990,0.0000,0.3500,0.0252,-0.1519,0.6170,0.3650,-0.3680,0.0000,,,102,79,23,0.0000,False,False,False
63,sa_pca_residual_excursion,statistical-arbitrage,scout,FAMILY_LEAD,0.4680,0.4680,0.0733,-0.4013,0.7230,0.2100,-0.4370,0.7297,0.6990,0.1089,-0.3619,0.9730,0.9950,0.1130,0.9530,0.3280,0.0430,-0.4078,0.6630,0.4000,-0.5790,0.9505,,,96,80,16,-0.1400,False,False,False
104,pt_mom_id_z,price-trend,challenge,REJECT,1.1420,1.1420,0.2010,-0.2331,1.0850,0.9950,0.6520,0.7544,1.3090,0.2896,-0.2818,1.1640,1.0000,1.0010,0.9698,0.3250,0.0436,-0.3584,0.6520,0.1050,-0.1950,0.9380,,,10,81,-71,-0.8170,True,False,False
89,lv_illiq_stocks_only,liquidity-volume,scout,SCOUT,0.9210,0.9210,0.1618,-0.3476,0.5880,0.8950,0.9430,1.0000,1.3470,0.2139,-0.2097,0.6070,1.0000,1.1950,1.0000,0.3140,0.0454,-0.4402,0.7290,0.0800,-0.1440,1.0000,,,45,82,-37,-0.6070,False,False,False
82,lv_illiq_region_wide30,liquidity-volume,scout,FAMILY_LEAD,0.9420,0.9420,0.1643,-0.3346,0.6240,0.9850,1.0170,0.8034,1.3670,0.2141,-0.2128,0.6140,1.0000,1.1840,0.9544,0.3080,0.0437,-0.4311,0.7020,0.0600,-0.1770,0.9660,,,42,83,-41,-0.6340,True,False,False
13,mom_lowvol_doublesort,low-volatility / quality tilts,challenge,REJECT,0.6420,0.6420,0.1087,-0.2845,0.9080,0.1600,-0.0260,1.0000,0.4930,0.0690,-0.3514,0.7200,0.3500,-0.2590,0.9942,0.3010,0.0351,-0.3080,0.5740,0.3450,-0.2680,0.9897,,,87,84,3,-0.3410,False,False,False
31,mom_52wkhigh_zscore_buffered,cross-sectional momentum,challenge,REJECT,0.3550,0.3550,0.0442,-0.2882,0.9020,0.0550,-0.6650,0.6039,0.4260,0.0618,-0.3311,0.8060,0.4050,-0.2800,0.8958,0.2790,0.0340,-0.3445,0.5900,0.4400,-0.2540,0.8843,,,100,85,15,-0.0760,False,False,False
78,lv_illiq_region_relative,liquidity-volume,scout,FAMILY_LEAD,0.9170,0.9170,0.1671,-0.3302,0.9170,0.9250,0.8360,0.8008,1.2520,0.2021,-0.2063,0.5790,1.0000,0.8660,0.9309,0.2770,0.0375,-0.4233,0.7090,0.1350,-0.1950,0.9489,,,46,86,-40,-0.6400,True,False,False
80,lv_illiq_region_tail10,liquidity-volume,scout,SCOUT,0.8740,0.8740,0.1674,-0.3455,1.1340,0.8950,0.6600,0.7518,1.3210,0.2497,-0.2917,0.3620,1.0000,0.9730,0.9043,0.2540,0.0322,-0.4891,0.6840,0.3200,-0.2130,0.8959,,,55,87,-32,-0.6200,False,False,False
84,pl_intersection_fixed_breadth,portfolio-learning,scout,SCOUT,0.7890,0.7890,0.1409,-0.3629,0.6100,0.6650,0.3420,0.8999,1.2550,0.2646,-0.3493,0.7140,1.0000,1.1340,0.9887,0.2500,0.0310,-0.4018,0.7320,0.2600,-0.2150,0.9800,,,68,88,-20,-0.5390,False,False,False
66,pt_fast_reversal_slow_grid,price-trend,scout,SCOUT,0.6470,0.6470,0.1196,-0.3806,0.8560,0.3250,0.1150,0.8882,0.5700,0.1335,-0.6319,0.8930,0.7500,0.2900,0.9992,0.2430,0.0275,-0.6513,0.6420,0.3400,-0.0410,0.9993,,,86,89,-3,-0.4040,False,False,False
91,rv_volofvol_top15,range-variance,scout,FAMILY_LEAD,0.4940,0.4940,0.0769,-0.3136,0.9000,0.1450,-0.3940,0.6015,0.6300,0.1174,-0.3097,0.9370,0.6100,0.1500,0.8820,0.2330,0.0271,-0.3641,0.6110,0.1750,-0.2810,0.8713,,,94,90,4,-0.2610,False,False,False
81,lv_illiq_region_rankweight,liquidity-volume,scout,SCOUT,0.8680,0.8680,0.1612,-0.3354,0.9680,0.8850,0.6760,0.7557,1.1910,0.1913,-0.2443,0.4320,1.0000,0.7160,0.9184,0.2270,0.0261,-0.4584,0.6920,0.1550,-0.2950,0.9077,,,59,91,-32,-0.6410,False,False,False
60,sc_same_month_seasonal_aligned,seasonality-calendar,scout,FAMILY_LEAD,0.7470,0.7470,0.1271,-0.3206,0.4350,0.8400,0.2140,0.8309,0.8070,0.1575,-0.3957,0.8530,1.0000,0.5250,0.9985,0.2180,0.0208,-0.3239,0.4780,0.1750,-0.5920,0.9953,,,75,92,-17,-0.5290,False,False,False
6,lowvol_equity_tilt,low-volatility / quality tilts,challenge,REJECT,0.6850,0.6850,0.0866,-0.2954,0.8280,0.1400,-0.3430,1.0000,0.1710,0.0116,-0.2057,0.7020,0.0000,-0.7930,0.9491,0.2070,0.0157,-0.2352,0.7090,0.0450,-0.5030,0.9520,,,82,93,-11,-0.4780,False,False,False
56,sl_ridge_xs_walkforward,statistical-learning,scout,FAMILY_LEAD,0.6010,0.6010,0.1109,-0.3427,0.9530,0.2800,0.0370,0.9690,0.9300,0.2320,-0.3845,0.7430,1.0000,0.7560,1.0000,0.2040,0.0187,-0.4866,0.4110,0.2500,-0.1610,0.9943,,,90,94,-4,-0.3970,False,False,False
99,rv_minvar_closedform,range-variance,scout,SCOUT,0.3130,0.3130,0.0106,-0.1036,0.9200,0.2600,-0.7700,0.0789,0.2030,0.0075,-0.1200,0.6140,0.0650,-0.7590,0.2365,0.1800,0.0066,-0.1218,0.4550,0.0600,-0.5290,0.2355,,,104,95,9,-0.1330,False,False,False
59,sc_same_month_seasonal,seasonality-calendar,scout,FAMILY_LEAD,0.6710,0.6710,0.1074,-0.3343,0.4000,0.4000,-0.1080,0.8335,0.6620,0.1236,-0.3731,0.7100,0.7600,0.2430,0.9995,0.1790,0.0151,-0.3239,0.3480,0.0750,-0.6630,0.9969,,,84,96,-12,-0.4920,False,False,False
4,mom_invvol_target,cross-sectional momentum,challenge,REJECT,0.7060,0.7060,0.1066,-0.2427,0.9660,0.7100,-0.0870,0.9497,0.8780,0.1334,-0.2604,1.0800,1.0000,0.1850,0.9985,0.1580,0.0123,-0.4095,0.5940,0.2350,-0.4150,0.9966,,,78,97,-19,-0.5480,False,False,False
11,str_reversal_stocks,short-term mean reversion,challenge,GATE_FAIL,0.3810,0.3810,0.0636,-0.3968,0.9170,0.8750,-0.2840,1.0000,0.4600,0.1038,-0.6505,0.7200,0.9950,0.1860,1.0000,0.1410,-0.0128,-0.6913,0.4870,1.0000,-0.1290,1.0000,,,98,98,0,-0.2400,False,True,False
96,lv_illiq_evar_riskcost,liquidity-volume,scout,FAMILY_LEAD,1.0530,1.0530,0.1468,-0.2841,0.6130,1.0000,0.4190,0.8324,1.5570,0.2272,-0.2342,0.9540,1.0000,1.1780,0.9514,0.1130,0.0050,-0.3652,0.7900,0.0000,-0.9680,0.9549,,,27,99,-72,-0.9400,True,False,False
101,ll_peer_momentum,lead-lag-spillover,scout,SCOUT,0.3390,0.3390,0.0446,-0.3560,0.7640,0.0200,-0.4460,0.8233,0.0180,-0.0274,-0.4655,0.5110,0.0000,-0.5070,0.9654,0.0890,-0.0075,-0.4509,0.4470,0.0750,-0.2940,0.9652,,,103,100,3,-0.2500,False,False,False
92,pl_factor_momentum_timed,portfolio-learning,scout,SCOUT,0.7550,0.7550,0.1235,-0.3032,0.7400,0.5350,0.1860,0.8302,0.7730,0.1071,-0.2810,0.8900,0.9950,-0.0180,0.9073,0.0870,-0.0016,-0.3921,0.6100,0.0000,-0.8010,0.8691,,,73,101,-28,-0.6680,False,False,False
102,ll_peer_momentum_evargate,lead-lag-spillover,scout,SCOUT,0.3590,0.3590,0.0493,-0.3897,0.2020,0.0400,-0.4930,0.7134,0.0260,-0.0229,-0.4619,0.4420,0.0000,-0.5180,0.9664,0.0810,-0.0109,-0.5183,0.3620,0.0800,-0.2870,0.9631,,,99,102,-3,-0.2780,False,False,False
57,lv_amihud_illiquidity_tilt,liquidity-volume,scout,FAMILY_LEAD,0.6810,0.6810,0.1129,-0.3638,1.0010,0.1750,-0.0010,0.8158,0.8360,0.0885,-0.1613,0.1790,0.9400,-0.1860,1.0000,0.0100,-0.0161,-0.4457,0.6000,0.0000,-0.5070,1.0000,,,83,103,-20,-0.6710,False,False,False
7,mom_regime_filtered,regime switching,challenge,REJECT,0.5110,0.5110,0.0774,-0.3013,0.8370,0.3250,-0.2110,0.7525,0.7500,0.1464,-0.3321,1.2450,0.9500,0.2240,0.7684,-0.0370,-0.0248,-0.3813,0.8570,0.0000,-0.4740,0.7756,,,92,104,-12,-0.5480,False,False,False
