date,index,members,priced,share_priced
1996-01-31,all,487,188,0.386
1996-01-31,sp500,487,188,0.386
1996-02-29,all,486,188,0.3868
1996-02-29,sp500,486,188,0.3868
1996-03-31,all,484,189,0.3905
1996-03-31,sp500,484,189,0.3905
1996-04-30,all,483,190,0.3934
1996-04-30,sp500,483,190,0.3934
1996-05-31,all,483,191,0.3954
1996-05-31,sp500,483,191,0.3954
1996-06-30,all,483,191,0.3954
1996-06-30,sp500,483,191,0.3954
1996-07-31,all,483,191,0.3954
1996-07-31,sp500,483,191,0.3954
1996-08-31,all,483,191,0.3954
1996-08-31,sp500,483,191,0.3954
1996-09-30,all,482,191,0.3963
1996-09-30,sp500,482,191,0.3963
1996-10-31,all,481,191,0.3971
1996-10-31,sp500,481,191,0.3971
1996-11-30,all,481,191,0.3971
1996-11-30,sp500,481,191,0.3971
1996-12-31,all,480,192,0.4
1996-12-31,sp500,480,192,0.4
1997-01-31,all,478,195,0.4079
1997-01-31,sp500,478,195,0.4079
1997-02-28,all,478,195,0.4079
1997-02-28,sp500,478,195,0.4079
1997-03-31,all,478,195,0.4079
1997-03-31,sp500,478,195,0.4079
1997-04-30,all,478,196,0.41
1997-04-30,sp500,478,196,0.41
1997-05-31,all,478,198,0.4142
1997-05-31,sp500,478,198,0.4142
1997-06-30,all,478,200,0.4184
1997-06-30,sp500,478,200,0.4184
1997-07-31,all,477,201,0.4214
1997-07-31,sp500,477,201,0.4214
1997-08-31,all,476,204,0.4286
1997-08-31,sp500,476,204,0.4286
1997-09-30,all,476,206,0.4328
1997-09-30,sp500,476,206,0.4328
1997-10-31,all,476,208,0.437
1997-10-31,sp500,476,208,0.437
1997-11-30,all,475,209,0.44
1997-11-30,sp500,475,209,0.44
1997-12-31,all,475,211,0.4442
1997-12-31,sp500,475,211,0.4442
1998-01-31,all,474,213,0.4494
1998-01-31,sp500,474,213,0.4494
1998-02-28,all,475,213,0.4484
1998-02-28,sp500,475,213,0.4484
1998-03-31,all,475,213,0.4484
1998-03-31,sp500,475,213,0.4484
1998-04-30,all,475,214,0.4505
1998-04-30,sp500,475,214,0.4505
1998-05-31,all,476,215,0.4517
1998-05-31,sp500,476,215,0.4517
1998-06-30,all,475,216,0.4547
1998-06-30,sp500,475,216,0.4547
1998-07-31,all,474,219,0.462
1998-07-31,sp500,474,219,0.462
1998-08-31,all,475,222,0.4674
1998-08-31,sp500,475,222,0.4674
1998-09-30,all,474,222,0.4684
1998-09-30,sp500,474,222,0.4684
1998-10-31,all,474,222,0.4684
1998-10-31,sp500,474,222,0.4684
1998-11-30,all,475,223,0.4695
1998-11-30,sp500,475,223,0.4695
1998-12-31,all,475,224,0.4716
1998-12-31,sp500,475,224,0.4716
1999-01-31,all,472,224,0.4746
1999-01-31,sp500,472,224,0.4746
1999-02-28,all,472,224,0.4746
1999-02-28,sp500,472,224,0.4746
1999-03-31,all,471,225,0.4777
1999-03-31,sp500,471,225,0.4777
1999-04-30,all,470,225,0.4787
1999-04-30,sp500,470,225,0.4787
1999-05-31,all,471,227,0.482
1999-05-31,sp500,471,227,0.482
1999-06-30,all,472,229,0.4852
1999-06-30,sp500,472,229,0.4852
1999-07-31,all,472,231,0.4894
1999-07-31,sp500,472,231,0.4894
1999-08-31,all,471,231,0.4904
1999-08-31,sp500,471,231,0.4904
1999-09-30,all,471,231,0.4904
1999-09-30,sp500,471,231,0.4904
1999-10-31,all,470,233,0.4957
1999-10-31,sp500,470,233,0.4957
1999-11-30,all,469,234,0.4989
1999-11-30,sp500,469,234,0.4989
1999-12-31,all,471,234,0.4968
1999-12-31,sp500,471,234,0.4968
2000-01-31,all,471,235,0.4989
2000-01-31,sp500,471,235,0.4989
2000-02-29,all,471,235,0.4989
2000-02-29,sp500,471,235,0.4989
2000-03-31,all,471,234,0.4968
2000-03-31,sp500,471,234,0.4968
2000-04-30,all,470,234,0.4979
2000-04-30,sp500,470,234,0.4979
2000-05-31,all,471,234,0.4968
2000-05-31,sp500,471,234,0.4968
2000-06-30,all,469,235,0.5011
2000-06-30,sp500,469,235,0.5011
2000-07-31,all,468,236,0.5043
2000-07-31,sp500,468,236,0.5043
2000-08-31,all,468,237,0.5064
2000-08-31,sp500,468,237,0.5064
2000-09-30,all,468,237,0.5064
2000-09-30,sp500,468,237,0.5064
2000-10-31,all,464,238,0.5129
2000-10-31,sp500,464,238,0.5129
2000-11-30,all,465,240,0.5161
2000-11-30,sp500,465,240,0.5161
2000-12-31,all,464,243,0.5237
2000-12-31,sp500,464,243,0.5237
2001-01-31,all,465,245,0.5269
2001-01-31,sp500,465,245,0.5269
2001-02-28,all,466,245,0.5258
2001-02-28,sp500,466,245,0.5258
2001-03-31,all,467,246,0.5268
2001-03-31,sp500,467,246,0.5268
2001-04-30,all,465,247,0.5312
2001-04-30,sp500,465,247,0.5312
2001-05-31,all,465,247,0.5312
2001-05-31,sp500,465,247,0.5312
2001-06-30,all,465,248,0.5333
2001-06-30,sp500,465,248,0.5333
2001-07-31,all,465,248,0.5333
2001-07-31,sp500,465,248,0.5333
2001-08-31,all,465,249,0.5355
2001-08-31,sp500,465,249,0.5355
2001-09-30,all,467,249,0.5332
2001-09-30,sp500,467,249,0.5332
2001-10-31,all,467,250,0.5353
2001-10-31,sp500,467,250,0.5353
2001-11-30,all,467,251,0.5375
2001-11-30,sp500,467,251,0.5375
2001-12-31,all,466,251,0.5386
2001-12-31,sp500,466,251,0.5386
2002-01-31,all,464,251,0.5409
2002-01-31,sp500,464,251,0.5409
2002-02-28,all,463,251,0.5421
2002-02-28,sp500,463,251,0.5421
2002-03-31,all,463,251,0.5421
2002-03-31,sp500,463,251,0.5421
2002-04-30,all,463,251,0.5421
2002-04-30,sp500,463,251,0.5421
2002-05-31,all,463,253,0.5464
2002-05-31,sp500,463,253,0.5464
2002-06-30,all,464,254,0.5474
2002-06-30,sp500,464,254,0.5474
2002-07-31,all,463,259,0.5594
2002-07-31,sp500,463,259,0.5594
2002-08-31,all,462,259,0.5606
2002-08-31,sp500,462,259,0.5606
2002-09-30,all,462,259,0.5606
2002-09-30,sp500,462,259,0.5606
2002-10-31,all,462,259,0.5606
2002-10-31,sp500,462,259,0.5606
2002-11-30,all,462,259,0.5606
2002-11-30,sp500,462,259,0.5606
2002-12-31,all,462,260,0.5628
2002-12-31,sp500,462,260,0.5628
2003-01-31,all,462,260,0.5628
2003-01-31,sp500,462,260,0.5628
2003-02-28,all,462,261,0.5649
2003-02-28,sp500,462,261,0.5649
2003-03-31,all,462,263,0.5693
2003-03-31,sp500,462,263,0.5693
2003-04-30,all,462,263,0.5693
2003-04-30,sp500,462,263,0.5693
2003-05-31,all,462,263,0.5693
2003-05-31,sp500,462,263,0.5693
2003-06-30,all,462,263,0.5693
2003-06-30,sp500,462,263,0.5693
2003-07-31,all,463,264,0.5702
2003-07-31,sp500,463,264,0.5702
2003-08-31,all,463,264,0.5702
2003-08-31,sp500,463,264,0.5702
2003-09-30,all,463,264,0.5702
2003-09-30,sp500,463,264,0.5702
2003-10-31,all,463,264,0.5702
2003-10-31,sp500,463,264,0.5702
2003-11-30,all,463,265,0.5724
2003-11-30,sp500,463,265,0.5724
2003-12-31,all,463,265,0.5724
2003-12-31,sp500,463,265,0.5724
2004-01-31,all,463,265,0.5724
2004-01-31,sp500,463,265,0.5724
2004-02-29,all,464,266,0.5733
2004-02-29,sp500,464,266,0.5733
2004-03-31,all,464,266,0.5733
2004-03-31,sp500,464,266,0.5733
2004-04-30,all,466,267,0.573
2004-04-30,sp500,466,267,0.573
2004-05-31,all,466,267,0.573
2004-05-31,sp500,466,267,0.573
2004-06-30,all,466,267,0.573
2004-06-30,sp500,466,267,0.573
2004-07-31,all,467,268,0.5739
2004-07-31,sp500,467,268,0.5739
2004-08-31,all,467,268,0.5739
2004-08-31,sp500,467,268,0.5739
2004-09-30,all,468,269,0.5748
2004-09-30,sp500,468,269,0.5748
2004-10-31,all,468,269,0.5748
2004-10-31,sp500,468,269,0.5748
2004-11-30,all,468,270,0.5769
2004-11-30,sp500,468,270,0.5769
2004-12-31,all,468,268,0.5726
2004-12-31,sp500,468,268,0.5726
2005-01-31,all,468,268,0.5726
2005-01-31,sp500,468,268,0.5726
2005-02-28,all,468,268,0.5726
2005-02-28,sp500,468,268,0.5726
2005-03-31,all,469,269,0.5736
2005-03-31,sp500,469,269,0.5736
2005-04-30,all,469,269,0.5736
2005-04-30,sp500,469,269,0.5736
2005-05-31,all,469,269,0.5736
2005-05-31,sp500,469,269,0.5736
2005-06-30,all,469,269,0.5736
2005-06-30,sp500,469,269,0.5736
2005-07-31,all,470,271,0.5766
2005-07-31,sp500,470,271,0.5766
2005-08-31,all,471,275,0.5839
2005-08-31,sp500,471,275,0.5839
2005-09-30,all,471,275,0.5839
2005-09-30,sp500,471,275,0.5839
2005-10-31,all,471,277,0.5881
2005-10-31,sp500,471,277,0.5881
2005-11-30,all,472,278,0.589
2005-11-30,sp500,472,278,0.589
2005-12-31,all,472,280,0.5932
2005-12-31,sp500,472,280,0.5932
2006-01-31,all,472,281,0.5953
2006-01-31,sp500,472,281,0.5953
2006-02-28,all,472,282,0.5975
2006-02-28,sp500,472,282,0.5975
2006-03-31,all,472,282,0.5975
2006-03-31,sp500,472,282,0.5975
2006-04-30,all,472,285,0.6038
2006-04-30,sp500,472,285,0.6038
2006-05-31,all,471,285,0.6051
2006-05-31,sp500,471,285,0.6051
2006-06-30,all,471,286,0.6072
2006-06-30,sp500,471,286,0.6072
2006-07-31,all,471,286,0.6072
2006-07-31,sp500,471,286,0.6072
2006-08-31,all,470,286,0.6085
2006-08-31,sp500,470,286,0.6085
2006-09-30,all,470,286,0.6085
2006-09-30,sp500,470,286,0.6085
2006-10-31,all,469,287,0.6119
2006-10-31,sp500,469,287,0.6119
2006-11-30,all,470,289,0.6149
2006-11-30,sp500,470,289,0.6149
2006-12-31,all,471,290,0.6157
2006-12-31,sp500,471,290,0.6157
2007-01-31,all,470,289,0.6149
2007-01-31,sp500,470,289,0.6149
2007-02-28,all,470,290,0.617
2007-02-28,sp500,470,290,0.617
2007-03-31,all,470,293,0.6234
2007-03-31,sp500,470,293,0.6234
2007-04-30,all,471,295,0.6263
2007-04-30,sp500,471,295,0.6263
2007-05-31,all,472,295,0.625
2007-05-31,sp500,472,295,0.625
2007-06-30,all,473,295,0.6237
2007-06-30,sp500,473,295,0.6237
2007-07-31,all,475,296,0.6232
2007-07-31,sp500,475,296,0.6232
2007-08-31,all,475,297,0.6253
2007-08-31,sp500,475,297,0.6253
2007-09-30,all,475,299,0.6295
2007-09-30,sp500,475,299,0.6295
2007-10-31,all,476,303,0.6366
2007-10-31,sp500,476,303,0.6366
2007-11-30,all,475,305,0.6421
2007-11-30,sp500,475,305,0.6421
2007-12-31,all,475,308,0.6484
2007-12-31,sp500,475,308,0.6484
2008-01-31,all,474,308,0.6498
2008-01-31,sp500,474,308,0.6498
2008-02-29,all,474,308,0.6498
2008-02-29,sp500,474,308,0.6498
2008-03-31,all,474,310,0.654
2008-03-31,sp500,474,310,0.654
2008-04-30,all,474,310,0.654
2008-04-30,sp500,474,310,0.654
2008-05-31,all,474,310,0.654
2008-05-31,sp500,474,310,0.654
2008-06-30,all,474,309,0.6519
2008-06-30,sp500,474,309,0.6519
2008-07-31,all,475,309,0.6505
2008-07-31,sp500,475,309,0.6505
2008-08-31,all,475,311,0.6547
2008-08-31,sp500,475,311,0.6547
2008-09-30,all,474,312,0.6582
2008-09-30,sp500,474,312,0.6582
2008-10-31,all,475,314,0.6611
2008-10-31,sp500,475,314,0.6611
2008-11-30,all,474,314,0.6624
2008-11-30,sp500,474,314,0.6624
2008-12-31,all,474,315,0.6646
2008-12-31,sp500,474,315,0.6646
2009-01-31,aex,25,19,0.76
2009-01-31,all,966,726,0.7516
2009-01-31,cac40,40,34,0.85
2009-01-31,dax,30,28,0.9333
2009-01-31,ftse100,97,67,0.6907
2009-01-31,hsi,42,39,0.9286
2009-01-31,n225,225,194,0.8622
2009-01-31,smi,20,14,0.7
2009-01-31,sp500,474,318,0.6709
2009-01-31,sx5e,50,49,0.98
2009-02-28,aex,25,19,0.76
2009-02-28,all,966,726,0.7516
2009-02-28,cac40,40,34,0.85
2009-02-28,dax,30,28,0.9333
2009-02-28,ftse100,97,67,0.6907
2009-02-28,hsi,42,39,0.9286
2009-02-28,n225,225,194,0.8622
2009-02-28,smi,20,14,0.7
2009-02-28,sp500,474,318,0.6709
2009-02-28,sx5e,50,49,0.98
2009-03-31,aex,25,20,0.8
2009-03-31,all,967,730,0.7549
2009-03-31,cac40,40,34,0.85
2009-03-31,dax,30,29,0.9667
2009-03-31,ftse100,97,66,0.6804
2009-03-31,hsi,42,39,0.9286
2009-03-31,n225,225,194,0.8622
2009-03-31,smi,20,14,0.7
2009-03-31,sp500,476,322,0.6765
2009-03-31,sx5e,50,49,0.98
2009-04-30,aex,25,20,0.8
2009-04-30,all,967,731,0.7559
2009-04-30,cac40,40,34,0.85
2009-04-30,dax,30,29,0.9667
2009-04-30,ftse100,97,66,0.6804
2009-04-30,hsi,42,39,0.9286
2009-04-30,n225,225,195,0.8667
2009-04-30,smi,20,14,0.7
2009-04-30,sp500,476,322,0.6765
2009-04-30,sx5e,50,49,0.98
2009-05-31,aex,25,20,0.8
2009-05-31,all,967,731,0.7559
2009-05-31,cac40,40,34,0.85
2009-05-31,dax,30,29,0.9667
2009-05-31,ftse100,97,66,0.6804
2009-05-31,hsi,42,39,0.9286
2009-05-31,n225,225,195,0.8667
2009-05-31,smi,20,14,0.7
2009-05-31,sp500,476,322,0.6765
2009-05-31,sx5e,50,49,0.98
2009-06-30,aex,25,20,0.8
2009-06-30,all,968,732,0.7562
2009-06-30,cac40,40,34,0.85
2009-06-30,dax,30,29,0.9667
2009-06-30,ftse100,98,66,0.6735
2009-06-30,hsi,42,39,0.9286
2009-06-30,n225,225,195,0.8667
2009-06-30,smi,20,14,0.7
2009-06-30,sp500,476,323,0.6786
2009-06-30,sx5e,50,49,0.98
2009-07-31,aex,25,20,0.8
2009-07-31,all,969,734,0.7575
2009-07-31,cac40,40,34,0.85
2009-07-31,dax,30,29,0.9667
2009-07-31,ftse100,98,66,0.6735
2009-07-31,hsi,42,39,0.9286
2009-07-31,n225,225,195,0.8667
2009-07-31,smi,20,14,0.7
2009-07-31,sp500,477,325,0.6813
2009-07-31,sx5e,50,49,0.98
2009-08-31,aex,25,20,0.8
2009-08-31,all,969,735,0.7585
2009-08-31,cac40,40,34,0.85
2009-08-31,dax,30,29,0.9667
2009-08-31,ftse100,98,66,0.6735
2009-08-31,hsi,42,39,0.9286
2009-08-31,n225,225,195,0.8667
2009-08-31,smi,20,14,0.7
2009-08-31,sp500,477,326,0.6834
2009-08-31,sx5e,50,49,0.98
2009-09-30,aex,25,20,0.8
2009-09-30,all,971,737,0.759
2009-09-30,cac40,40,33,0.825
2009-09-30,dax,30,29,0.9667
2009-09-30,ftse100,98,67,0.6837
2009-09-30,hsi,42,39,0.9286
2009-09-30,n225,225,195,0.8667
2009-09-30,smi,20,16,0.8
2009-09-30,sp500,477,325,0.6813
2009-09-30,sx5e,50,48,0.96
2009-10-31,aex,25,20,0.8
2009-10-31,all,971,738,0.76
2009-10-31,cac40,40,33,0.825
2009-10-31,dax,30,29,0.9667
2009-10-31,ftse100,98,67,0.6837
2009-10-31,hsi,42,39,0.9286
2009-10-31,n225,225,195,0.8667
2009-10-31,smi,20,16,0.8
2009-10-31,sp500,477,326,0.6834
2009-10-31,sx5e,50,48,0.96
2009-11-30,aex,25,20,0.8
2009-11-30,all,971,739,0.7611
2009-11-30,cac40,40,33,0.825
2009-11-30,dax,30,29,0.9667
2009-11-30,ftse100,98,67,0.6837
2009-11-30,hsi,42,39,0.9286
2009-11-30,n225,225,195,0.8667
2009-11-30,smi,20,16,0.8
2009-11-30,sp500,477,327,0.6855
2009-11-30,sx5e,50,48,0.96
2009-12-31,aex,25,20,0.8
2009-12-31,all,972,740,0.7613
2009-12-31,cac40,40,33,0.825
2009-12-31,dax,30,29,0.9667
2009-12-31,ftse100,98,66,0.6735
2009-12-31,hsi,42,39,0.9286
2009-12-31,n225,225,195,0.8667
2009-12-31,smi,20,16,0.8
2009-12-31,sp500,478,329,0.6883
2009-12-31,sx5e,50,48,0.96
2010-01-31,aex,25,20,0.8
2010-01-31,all,972,741,0.7623
2010-01-31,cac40,40,33,0.825
2010-01-31,dax,30,29,0.9667
2010-01-31,ftse100,98,66,0.6735
2010-01-31,hsi,42,39,0.9286
2010-01-31,n225,225,195,0.8667
2010-01-31,smi,20,16,0.8
2010-01-31,sp500,478,330,0.6904
2010-01-31,sx5e,50,48,0.96
2010-02-28,aex,25,20,0.8
2010-02-28,all,970,742,0.7649
2010-02-28,cac40,40,33,0.825
2010-02-28,dax,30,29,0.9667
2010-02-28,ftse100,98,66,0.6735
2010-02-28,hsi,42,39,0.9286
2010-02-28,n225,225,195,0.8667
2010-02-28,smi,20,16,0.8
2010-02-28,sp500,477,332,0.696
2010-02-28,sx5e,49,47,0.9592
2010-03-31,aex,25,20,0.8
2010-03-31,all,972,747,0.7685
2010-03-31,cac40,40,33,0.825
2010-03-31,dax,30,29,0.9667
2010-03-31,ftse100,98,67,0.6837
2010-03-31,hsi,43,40,0.9302
2010-03-31,n225,225,195,0.8667
2010-03-31,smi,20,16,0.8
2010-03-31,sp500,478,335,0.7008
2010-03-31,sx5e,49,47,0.9592
2010-04-30,aex,25,20,0.8
2010-04-30,all,972,749,0.7706
2010-04-30,cac40,40,33,0.825
2010-04-30,dax,30,29,0.9667
2010-04-30,ftse100,98,67,0.6837
2010-04-30,hsi,43,40,0.9302
2010-04-30,n225,225,197,0.8756
2010-04-30,smi,20,16,0.8
2010-04-30,sp500,478,335,0.7008
2010-04-30,sx5e,49,47,0.9592
2010-05-31,aex,25,20,0.8
2010-05-31,all,972,749,0.7706
2010-05-31,cac40,40,33,0.825
2010-05-31,dax,30,29,0.9667
2010-05-31,ftse100,98,67,0.6837
2010-05-31,hsi,43,40,0.9302
2010-05-31,n225,225,197,0.8756
2010-05-31,smi,20,16,0.8
2010-05-31,sp500,478,335,0.7008
2010-05-31,sx5e,49,47,0.9592
2010-06-30,aex,25,20,0.8
2010-06-30,all,972,748,0.7695
2010-06-30,cac40,40,33,0.825
2010-06-30,dax,30,29,0.9667
2010-06-30,ftse100,98,66,0.6735
2010-06-30,hsi,43,40,0.9302
2010-06-30,n225,225,197,0.8756
2010-06-30,smi,20,15,0.75
2010-06-30,sp500,478,336,0.7029
2010-06-30,sx5e,49,47,0.9592
2010-07-31,aex,25,20,0.8
2010-07-31,all,971,748,0.7703
2010-07-31,cac40,40,33,0.825
2010-07-31,dax,30,29,0.9667
2010-07-31,ftse100,98,66,0.6735
2010-07-31,hsi,43,40,0.9302
2010-07-31,n225,225,197,0.8756
2010-07-31,smi,20,15,0.75
2010-07-31,sp500,477,336,0.7044
2010-07-31,sx5e,49,47,0.9592
2010-08-31,aex,25,20,0.8
2010-08-31,all,971,748,0.7703
2010-08-31,cac40,40,33,0.825
2010-08-31,dax,30,29,0.9667
2010-08-31,ftse100,98,66,0.6735
2010-08-31,hsi,43,40,0.9302
2010-08-31,n225,225,197,0.8756
2010-08-31,smi,20,15,0.75
2010-08-31,sp500,477,336,0.7044
2010-08-31,sx5e,49,47,0.9592
2010-09-30,aex,25,20,0.8
2010-09-30,all,973,749,0.7698
2010-09-30,cac40,40,33,0.825
2010-09-30,dax,30,29,0.9667
2010-09-30,ftse100,99,66,0.6667
2010-09-30,hsi,44,41,0.9318
2010-09-30,n225,225,197,0.8756
2010-09-30,smi,20,15,0.75
2010-09-30,sp500,477,336,0.7044
2010-09-30,sx5e,49,47,0.9592
2010-10-31,aex,25,20,0.8
2010-10-31,all,973,751,0.7718
2010-10-31,cac40,40,33,0.825
2010-10-31,dax,30,29,0.9667
2010-10-31,ftse100,99,66,0.6667
2010-10-31,hsi,44,41,0.9318
2010-10-31,n225,225,199,0.8844
2010-10-31,smi,20,15,0.75
2010-10-31,sp500,477,336,0.7044
2010-10-31,sx5e,49,47,0.9592
2010-11-30,aex,25,20,0.8
2010-11-30,all,972,751,0.7726
2010-11-30,cac40,40,33,0.825
2010-11-30,dax,30,29,0.9667
2010-11-30,ftse100,99,66,0.6667
2010-11-30,hsi,44,41,0.9318
2010-11-30,n225,225,199,0.8844
2010-11-30,smi,20,15,0.75
2010-11-30,sp500,476,336,0.7059
2010-11-30,sx5e,49,47,0.9592
2010-12-31,aex,25,20,0.8
2010-12-31,all,972,753,0.7747
2010-12-31,cac40,40,33,0.825
2010-12-31,dax,30,29,0.9667
2010-12-31,ftse100,99,67,0.6768
2010-12-31,hsi,44,41,0.9318
2010-12-31,n225,225,199,0.8844
2010-12-31,smi,20,15,0.75
2010-12-31,sp500,476,337,0.708
2010-12-31,sx5e,49,47,0.9592
2011-01-31,aex,26,21,0.8077
2011-01-31,all,972,755,0.7767
2011-01-31,cac40,40,33,0.825
2011-01-31,dax,30,29,0.9667
2011-01-31,ftse100,100,68,0.68
2011-01-31,hsi,44,41,0.9318
2011-01-31,n225,225,199,0.8844
2011-01-31,smi,20,15,0.75
2011-01-31,sp500,474,337,0.711
2011-01-31,sx5e,49,47,0.9592
2011-02-28,aex,26,21,0.8077
2011-02-28,all,972,755,0.7767
2011-02-28,cac40,40,33,0.825
2011-02-28,dax,30,29,0.9667
2011-02-28,ftse100,100,68,0.68
2011-02-28,hsi,44,41,0.9318
2011-02-28,n225,225,199,0.8844
2011-02-28,smi,20,15,0.75
2011-02-28,sp500,474,337,0.711
2011-02-28,sx5e,49,47,0.9592
2011-03-31,aex,25,20,0.8
2011-03-31,all,971,753,0.7755
2011-03-31,cac40,40,33,0.825
2011-03-31,dax,30,29,0.9667
2011-03-31,ftse100,100,67,0.67
2011-03-31,hsi,44,41,0.9318
2011-03-31,n225,225,199,0.8844
2011-03-31,smi,20,15,0.75
2011-03-31,sp500,474,337,0.711
2011-03-31,sx5e,49,47,0.9592
2011-04-30,aex,25,20,0.8
2011-04-30,all,973,759,0.7801
2011-04-30,cac40,40,33,0.825
2011-04-30,dax,30,29,0.9667
2011-04-30,ftse100,100,67,0.67
2011-04-30,hsi,44,41,0.9318
2011-04-30,n225,225,202,0.8978
2011-04-30,smi,20,15,0.75
2011-04-30,sp500,476,340,0.7143
2011-04-30,sx5e,49,47,0.9592
2011-05-31,aex,26,20,0.7692
2011-05-31,all,974,760,0.7803
2011-05-31,cac40,40,33,0.825
2011-05-31,dax,30,29,0.9667
2011-05-31,ftse100,100,68,0.68
2011-05-31,hsi,44,41,0.9318
2011-05-31,n225,225,202,0.8978
2011-05-31,smi,20,15,0.75
2011-05-31,sp500,476,340,0.7143
2011-05-31,sx5e,49,47,0.9592
2011-06-30,aex,25,19,0.76
2011-06-30,all,974,761,0.7813
2011-06-30,cac40,40,33,0.825
2011-06-30,dax,30,29,0.9667
2011-06-30,ftse100,100,69,0.69
2011-06-30,hsi,45,42,0.9333
2011-06-30,n225,225,202,0.8978
2011-06-30,smi,20,15,0.75
2011-06-30,sp500,476,340,0.7143
2011-06-30,sx5e,49,47,0.9592
2011-07-31,aex,25,19,0.76
2011-07-31,all,975,763,0.7826
2011-07-31,cac40,40,33,0.825
2011-07-31,dax,30,29,0.9667
2011-07-31,ftse100,100,69,0.69
2011-07-31,hsi,45,42,0.9333
2011-07-31,n225,225,202,0.8978
2011-07-31,smi,20,15,0.75
2011-07-31,sp500,477,342,0.717
2011-07-31,sx5e,49,47,0.9592
2011-08-31,aex,25,19,0.76
2011-08-31,all,975,763,0.7826
2011-08-31,cac40,40,33,0.825
2011-08-31,dax,30,29,0.9667
2011-08-31,ftse100,100,69,0.69
2011-08-31,hsi,45,42,0.9333
2011-08-31,n225,225,202,0.8978
2011-08-31,smi,20,15,0.75
2011-08-31,sp500,477,342,0.717
2011-08-31,sx5e,49,47,0.9592
2011-09-30,aex,25,19,0.76
2011-09-30,all,977,768,0.7861
2011-09-30,cac40,40,34,0.85
2011-09-30,dax,30,29,0.9667
2011-09-30,ftse100,100,70,0.7
2011-09-30,hsi,45,42,0.9333
2011-09-30,n225,225,202,0.8978
2011-09-30,smi,20,15,0.75
2011-09-30,sp500,477,343,0.7191
2011-09-30,sx5e,49,47,0.9592
2011-10-31,aex,25,19,0.76
2011-10-31,all,977,769,0.7871
2011-10-31,cac40,40,34,0.85
2011-10-31,dax,30,29,0.9667
2011-10-31,ftse100,100,70,0.7
2011-10-31,hsi,45,42,0.9333
2011-10-31,n225,225,202,0.8978
2011-10-31,smi,20,15,0.75
2011-10-31,sp500,477,344,0.7212
2011-10-31,sx5e,49,47,0.9592
2011-11-30,aex,25,19,0.76
2011-11-30,all,976,771,0.79
2011-11-30,cac40,40,34,0.85
2011-11-30,dax,30,29,0.9667
2011-11-30,ftse100,100,70,0.7
2011-11-30,hsi,45,42,0.9333
2011-11-30,n225,224,204,0.9107
2011-11-30,smi,20,15,0.75
2011-11-30,sp500,477,344,0.7212
2011-11-30,sx5e,49,47,0.9592
2011-12-31,aex,25,19,0.76
2011-12-31,all,978,777,0.7945
2011-12-31,cac40,40,35,0.875
2011-12-31,dax,30,29,0.9667
2011-12-31,ftse100,100,69,0.69
2011-12-31,hsi,47,44,0.9362
2011-12-31,n225,224,204,0.9107
2011-12-31,smi,20,15,0.75
2011-12-31,sp500,477,348,0.7296
2011-12-31,sx5e,49,47,0.9592
2012-01-31,aex,25,19,0.76
2012-01-31,all,979,777,0.7937
2012-01-31,cac40,40,35,0.875
2012-01-31,dax,30,29,0.9667
2012-01-31,ftse100,100,69,0.69
2012-01-31,hsi,47,44,0.9362
2012-01-31,n225,224,204,0.9107
2012-01-31,smi,20,15,0.75
2012-01-31,sp500,478,348,0.728
2012-01-31,sx5e,49,47,0.9592
2012-02-29,aex,25,19,0.76
2012-02-29,all,979,777,0.7937
2012-02-29,cac40,40,35,0.875
2012-02-29,dax,30,29,0.9667
2012-02-29,ftse100,100,69,0.69
2012-02-29,hsi,47,44,0.9362
2012-02-29,n225,224,204,0.9107
2012-02-29,smi,20,15,0.75
2012-02-29,sp500,478,348,0.728
2012-02-29,sx5e,49,47,0.9592
2012-03-31,aex,25,19,0.76
2012-03-31,all,979,778,0.7947
2012-03-31,cac40,40,35,0.875
2012-03-31,dax,30,29,0.9667
2012-03-31,ftse100,100,69,0.69
2012-03-31,hsi,47,44,0.9362
2012-03-31,n225,224,204,0.9107
2012-03-31,smi,20,15,0.75
2012-03-31,sp500,478,349,0.7301
2012-03-31,sx5e,49,47,0.9592
2012-04-30,aex,25,19,0.76
2012-04-30,all,979,779,0.7957
2012-04-30,cac40,40,35,0.875
2012-04-30,dax,30,29,0.9667
2012-04-30,ftse100,100,69,0.69
2012-04-30,hsi,47,44,0.9362
2012-04-30,n225,224,204,0.9107
2012-04-30,smi,20,15,0.75
2012-04-30,sp500,478,350,0.7322
2012-04-30,sx5e,49,47,0.9592
2012-05-31,aex,25,19,0.76
2012-05-31,all,981,781,0.7961
2012-05-31,cac40,40,35,0.875
2012-05-31,dax,30,29,0.9667
2012-05-31,ftse100,100,69,0.69
2012-05-31,hsi,48,45,0.9375
2012-05-31,n225,224,204,0.9107
2012-05-31,smi,20,15,0.75
2012-05-31,sp500,479,351,0.7328
2012-05-31,sx5e,49,47,0.9592
2012-06-30,aex,25,19,0.76
2012-06-30,all,980,783,0.799
2012-06-30,cac40,40,35,0.875
2012-06-30,dax,30,29,0.9667
2012-06-30,ftse100,100,69,0.69
2012-06-30,hsi,48,45,0.9375
2012-06-30,n225,224,204,0.9107
2012-06-30,smi,20,16,0.8
2012-06-30,sp500,479,353,0.737
2012-06-30,sx5e,49,47,0.9592
2012-07-31,aex,25,19,0.76
2012-07-31,all,980,783,0.799
2012-07-31,cac40,40,35,0.875
2012-07-31,dax,30,29,0.9667
2012-07-31,ftse100,100,69,0.69
2012-07-31,hsi,48,45,0.9375
2012-07-31,n225,224,204,0.9107
2012-07-31,smi,20,16,0.8
2012-07-31,sp500,479,353,0.737
2012-07-31,sx5e,49,47,0.9592
2012-08-31,aex,25,19,0.76
2012-08-31,all,980,784,0.8
2012-08-31,cac40,40,35,0.875
2012-08-31,dax,30,29,0.9667
2012-08-31,ftse100,100,70,0.7
2012-08-31,hsi,48,45,0.9375
2012-08-31,n225,224,204,0.9107
2012-08-31,smi,20,16,0.8
2012-08-31,sp500,479,353,0.737
2012-08-31,sx5e,49,47,0.9592
2012-09-30,aex,25,18,0.72
2012-09-30,all,981,787,0.8022
2012-09-30,cac40,40,36,0.9
2012-09-30,dax,30,30,1.0
2012-09-30,ftse100,100,70,0.7
2012-09-30,hsi,48,45,0.9375
2012-09-30,n225,224,204,0.9107
2012-09-30,smi,20,16,0.8
2012-09-30,sp500,480,355,0.7396
2012-09-30,sx5e,49,47,0.9592
2012-10-31,aex,25,18,0.72
2012-10-31,all,980,789,0.8051
2012-10-31,cac40,40,36,0.9
2012-10-31,dax,30,30,1.0
2012-10-31,ftse100,100,70,0.7
2012-10-31,hsi,48,45,0.9375
2012-10-31,n225,224,206,0.9196
2012-10-31,smi,20,16,0.8
2012-10-31,sp500,479,355,0.7411
2012-10-31,sx5e,49,47,0.9592
2012-11-30,aex,25,18,0.72
2012-11-30,all,980,789,0.8051
2012-11-30,cac40,40,36,0.9
2012-11-30,dax,30,30,1.0
2012-11-30,ftse100,100,70,0.7
2012-11-30,hsi,48,45,0.9375
2012-11-30,n225,224,206,0.9196
2012-11-30,smi,20,16,0.8
2012-11-30,sp500,479,355,0.7411
2012-11-30,sx5e,49,47,0.9592
2012-12-31,aex,25,18,0.72
2012-12-31,all,981,792,0.8073
2012-12-31,cac40,40,36,0.9
2012-12-31,dax,30,30,1.0
2012-12-31,ftse100,100,69,0.69
2012-12-31,hsi,49,46,0.9388
2012-12-31,n225,224,206,0.9196
2012-12-31,smi,20,16,0.8
2012-12-31,sp500,479,358,0.7474
2012-12-31,sx5e,49,47,0.9592
2013-01-31,aex,25,18,0.72
2013-01-31,all,981,793,0.8084
2013-01-31,cac40,40,36,0.9
2013-01-31,dax,30,30,1.0
2013-01-31,ftse100,100,69,0.69
2013-01-31,hsi,49,46,0.9388
2013-01-31,n225,224,206,0.9196
2013-01-31,smi,20,16,0.8
2013-01-31,sp500,479,359,0.7495
2013-01-31,sx5e,49,47,0.9592
2013-02-28,aex,25,18,0.72
2013-02-28,all,981,794,0.8094
2013-02-28,cac40,40,36,0.9
2013-02-28,dax,30,30,1.0
2013-02-28,ftse100,100,69,0.69
2013-02-28,hsi,49,46,0.9388
2013-02-28,n225,224,206,0.9196
2013-02-28,smi,20,16,0.8
2013-02-28,sp500,479,360,0.7516
2013-02-28,sx5e,49,47,0.9592
2013-03-31,aex,25,18,0.72
2013-03-31,all,980,795,0.8112
2013-03-31,cac40,40,36,0.9
2013-03-31,dax,30,30,1.0
2013-03-31,ftse100,100,71,0.71
2013-03-31,hsi,49,46,0.9388
2013-03-31,n225,224,206,0.9196
2013-03-31,smi,20,16,0.8
2013-03-31,sp500,479,360,0.7516
2013-03-31,sx5e,49,47,0.9592
2013-04-30,aex,25,18,0.72
2013-04-30,all,980,796,0.8122
2013-04-30,cac40,40,36,0.9
2013-04-30,dax,30,30,1.0
2013-04-30,ftse100,100,71,0.71
2013-04-30,hsi,49,46,0.9388
2013-04-30,n225,224,207,0.9241
2013-04-30,smi,20,16,0.8
2013-04-30,sp500,479,360,0.7516
2013-04-30,sx5e,49,47,0.9592
2013-05-31,aex,25,18,0.72
2013-05-31,all,980,797,0.8133
2013-05-31,cac40,40,36,0.9
2013-05-31,dax,30,30,1.0
2013-05-31,ftse100,100,71,0.71
2013-05-31,hsi,49,46,0.9388
2013-05-31,n225,224,207,0.9241
2013-05-31,smi,20,16,0.8
2013-05-31,sp500,479,361,0.7537
2013-05-31,sx5e,49,47,0.9592
2013-06-30,aex,25,17,0.68
2013-06-30,all,979,799,0.8161
2013-06-30,cac40,40,36,0.9
2013-06-30,dax,30,30,1.0
2013-06-30,ftse100,100,73,0.73
2013-06-30,hsi,49,46,0.9388
2013-06-30,n225,224,207,0.9241
2013-06-30,smi,20,16,0.8
2013-06-30,sp500,479,362,0.7557
2013-06-30,sx5e,49,47,0.9592
2013-07-31,aex,25,17,0.68
2013-07-31,all,979,800,0.8172
2013-07-31,cac40,40,36,0.9
2013-07-31,dax,30,30,1.0
2013-07-31,ftse100,100,73,0.73
2013-07-31,hsi,49,46,0.9388
2013-07-31,n225,224,207,0.9241
2013-07-31,smi,20,16,0.8
2013-07-31,sp500,479,363,0.7578
2013-07-31,sx5e,49,47,0.9592
2013-08-31,aex,25,17,0.68
2013-08-31,all,979,800,0.8172
2013-08-31,cac40,40,36,0.9
2013-08-31,dax,30,30,1.0
2013-08-31,ftse100,100,73,0.73
2013-08-31,hsi,49,46,0.9388
2013-08-31,n225,224,207,0.9241
2013-08-31,smi,20,16,0.8
2013-08-31,sp500,479,363,0.7578
2013-08-31,sx5e,49,47,0.9592
2013-09-30,aex,25,17,0.68
2013-09-30,all,979,803,0.8202
2013-09-30,cac40,40,36,0.9
2013-09-30,dax,30,30,1.0
2013-09-30,ftse100,100,75,0.75
2013-09-30,hsi,49,46,0.9388
2013-09-30,n225,224,207,0.9241
2013-09-30,smi,20,16,0.8
2013-09-30,sp500,479,364,0.7599
2013-09-30,sx5e,49,47,0.9592
2013-10-31,aex,25,17,0.68
2013-10-31,all,980,805,0.8214
2013-10-31,cac40,40,36,0.9
2013-10-31,dax,30,30,1.0
2013-10-31,ftse100,100,75,0.75
2013-10-31,hsi,49,46,0.9388
2013-10-31,n225,224,208,0.9286
2013-10-31,smi,20,16,0.8
2013-10-31,sp500,480,365,0.7604
2013-10-31,sx5e,49,47,0.9592
2013-11-30,aex,25,17,0.68
2013-11-30,all,980,806,0.8224
2013-11-30,cac40,40,36,0.9
2013-11-30,dax,30,30,1.0
2013-11-30,ftse100,100,75,0.75
2013-11-30,hsi,49,46,0.9388
2013-11-30,n225,224,208,0.9286
2013-11-30,smi,20,16,0.8
2013-11-30,sp500,480,366,0.7625
2013-11-30,sx5e,49,47,0.9592
2013-12-31,aex,25,17,0.68
2013-12-31,all,980,805,0.8214
2013-12-31,cac40,40,35,0.875
2013-12-31,dax,30,30,1.0
2013-12-31,ftse100,100,74,0.74
2013-12-31,hsi,49,46,0.9388
2013-12-31,n225,224,208,0.9286
2013-12-31,smi,20,16,0.8
2013-12-31,sp500,480,367,0.7646
2013-12-31,sx5e,49,47,0.9592
2014-01-31,aex,25,17,0.68
2014-01-31,all,981,806,0.8216
2014-01-31,cac40,40,35,0.875
2014-01-31,dax,30,30,1.0
2014-01-31,ftse100,100,74,0.74
2014-01-31,hsi,49,46,0.9388
2014-01-31,n225,224,208,0.9286
2014-01-31,smi,20,16,0.8
2014-01-31,sp500,481,368,0.7651
2014-01-31,sx5e,49,47,0.9592
2014-02-28,aex,25,17,0.68
2014-02-28,all,981,806,0.8216
2014-02-28,cac40,40,35,0.875
2014-02-28,dax,30,30,1.0
2014-02-28,ftse100,100,74,0.74
2014-02-28,hsi,49,46,0.9388
2014-02-28,n225,224,208,0.9286
2014-02-28,smi,20,16,0.8
2014-02-28,sp500,481,368,0.7651
2014-02-28,sx5e,49,47,0.9592
2014-03-31,aex,25,16,0.64
2014-03-31,all,981,806,0.8216
2014-03-31,cac40,40,35,0.875
2014-03-31,dax,30,30,1.0
2014-03-31,ftse100,100,75,0.75
2014-03-31,hsi,49,46,0.9388
2014-03-31,n225,224,208,0.9286
2014-03-31,smi,20,16,0.8
2014-03-31,sp500,481,368,0.7651
2014-03-31,sx5e,49,47,0.9592
2014-04-30,aex,25,16,0.64
2014-04-30,all,981,807,0.8226
2014-04-30,cac40,40,35,0.875
2014-04-30,dax,30,30,1.0
2014-04-30,ftse100,100,75,0.75
2014-04-30,hsi,49,46,0.9388
2014-04-30,n225,224,209,0.933
2014-04-30,smi,20,16,0.8
2014-04-30,sp500,481,368,0.7651
2014-04-30,sx5e,49,47,0.9592
2014-05-31,aex,25,16,0.64
2014-05-31,all,981,809,0.8247
2014-05-31,cac40,40,35,0.875
2014-05-31,dax,30,30,1.0
2014-05-31,ftse100,100,75,0.75
2014-05-31,hsi,49,46,0.9388
2014-05-31,n225,224,209,0.933
2014-05-31,smi,20,16,0.8
2014-05-31,sp500,481,370,0.7692
2014-05-31,sx5e,49,47,0.9592
2014-06-30,aex,25,16,0.64
2014-06-30,all,981,809,0.8247
2014-06-30,cac40,40,35,0.875
2014-06-30,dax,30,30,1.0
2014-06-30,ftse100,100,75,0.75
2014-06-30,hsi,49,46,0.9388
2014-06-30,n225,224,209,0.933
2014-06-30,smi,20,16,0.8
2014-06-30,sp500,481,370,0.7692
2014-06-30,sx5e,49,47,0.9592
2014-07-31,aex,25,16,0.64
2014-07-31,all,981,811,0.8267
2014-07-31,cac40,40,35,0.875
2014-07-31,dax,30,30,1.0
2014-07-31,ftse100,100,75,0.75
2014-07-31,hsi,49,46,0.9388
2014-07-31,n225,224,209,0.933
2014-07-31,smi,20,16,0.8
2014-07-31,sp500,481,372,0.7734
2014-07-31,sx5e,49,47,0.9592
2014-08-31,aex,25,16,0.64
2014-08-31,all,981,811,0.8267
2014-08-31,cac40,40,35,0.875
2014-08-31,dax,30,30,1.0
2014-08-31,ftse100,100,75,0.75
2014-08-31,hsi,49,46,0.9388
2014-08-31,n225,224,209,0.933
2014-08-31,smi,20,16,0.8
2014-08-31,sp500,481,372,0.7734
2014-08-31,sx5e,49,47,0.9592
2014-09-30,aex,25,16,0.64
2014-09-30,all,981,813,0.8287
2014-09-30,cac40,40,35,0.875
2014-09-30,dax,30,30,1.0
2014-09-30,ftse100,100,75,0.75
2014-09-30,hsi,49,46,0.9388
2014-09-30,n225,224,209,0.933
2014-09-30,smi,20,16,0.8
2014-09-30,sp500,481,373,0.7755
2014-09-30,sx5e,49,48,0.9796
2014-10-31,aex,25,16,0.64
2014-10-31,all,981,813,0.8287
2014-10-31,cac40,40,35,0.875
2014-10-31,dax,30,30,1.0
2014-10-31,ftse100,100,75,0.75
2014-10-31,hsi,49,46,0.9388
2014-10-31,n225,224,209,0.933
2014-10-31,smi,20,16,0.8
2014-10-31,sp500,481,373,0.7755
2014-10-31,sx5e,49,48,0.9796
2014-11-30,aex,25,16,0.64
2014-11-30,all,981,812,0.8277
2014-11-30,cac40,40,35,0.875
2014-11-30,dax,30,30,1.0
2014-11-30,ftse100,100,75,0.75
2014-11-30,hsi,49,46,0.9388
2014-11-30,n225,224,209,0.933
2014-11-30,smi,20,16,0.8
2014-11-30,sp500,481,372,0.7734
2014-11-30,sx5e,49,48,0.9796
2014-12-31,aex,25,16,0.64
2014-12-31,all,981,814,0.8298
2014-12-31,cac40,40,35,0.875
2014-12-31,dax,30,30,1.0
2014-12-31,ftse100,100,76,0.76
2014-12-31,hsi,49,46,0.9388
2014-12-31,n225,224,209,0.933
2014-12-31,smi,20,16,0.8
2014-12-31,sp500,481,373,0.7755
2014-12-31,sx5e,49,48,0.9796
2015-01-31,aex,25,16,0.64
2015-01-31,all,981,815,0.8308
2015-01-31,cac40,40,35,0.875
2015-01-31,dax,30,30,1.0
2015-01-31,ftse100,100,76,0.76
2015-01-31,hsi,49,46,0.9388
2015-01-31,n225,224,209,0.933
2015-01-31,smi,20,16,0.8
2015-01-31,sp500,481,374,0.7775
2015-01-31,sx5e,49,48,0.9796
2015-02-28,aex,25,16,0.64
2015-02-28,all,981,815,0.8308
2015-02-28,cac40,40,35,0.875
2015-02-28,dax,30,30,1.0
2015-02-28,ftse100,100,76,0.76
2015-02-28,hsi,49,46,0.9388
2015-02-28,n225,224,209,0.933
2015-02-28,smi,20,16,0.8
2015-02-28,sp500,481,374,0.7775
2015-02-28,sx5e,49,48,0.9796
2015-03-31,aex,25,17,0.68
2015-03-31,all,983,820,0.8342
2015-03-31,cac40,40,35,0.875
2015-03-31,dax,30,30,1.0
2015-03-31,ftse100,100,76,0.76
2015-03-31,hsi,49,46,0.9388
2015-03-31,n225,224,209,0.933
2015-03-31,smi,20,16,0.8
2015-03-31,sp500,482,378,0.7842
2015-03-31,sx5e,49,48,0.9796
2015-04-30,aex,25,17,0.68
2015-04-30,all,983,821,0.8352
2015-04-30,cac40,40,35,0.875
2015-04-30,dax,30,30,1.0
2015-04-30,ftse100,100,76,0.76
2015-04-30,hsi,49,46,0.9388
2015-04-30,n225,224,209,0.933
2015-04-30,smi,20,16,0.8
2015-04-30,sp500,482,379,0.7863
2015-04-30,sx5e,49,48,0.9796
2015-05-31,aex,25,17,0.68
2015-05-31,all,982,821,0.836
2015-05-31,cac40,40,35,0.875
2015-05-31,dax,30,30,1.0
2015-05-31,ftse100,100,76,0.76
2015-05-31,hsi,48,46,0.9583
2015-05-31,n225,224,209,0.933
2015-05-31,smi,20,16,0.8
2015-05-31,sp500,482,379,0.7863
2015-05-31,sx5e,49,48,0.9796
2015-06-30,aex,25,17,0.68
2015-06-30,all,982,823,0.8381
2015-06-30,cac40,40,35,0.875
2015-06-30,dax,30,30,1.0
2015-06-30,ftse100,100,76,0.76
2015-06-30,hsi,49,47,0.9592
2015-06-30,n225,224,209,0.933
2015-06-30,smi,20,16,0.8
2015-06-30,sp500,481,380,0.79
2015-06-30,sx5e,49,48,0.9796
2015-07-31,aex,25,17,0.68
2015-07-31,all,984,827,0.8404
2015-07-31,cac40,40,35,0.875
2015-07-31,dax,30,30,1.0
2015-07-31,ftse100,100,76,0.76
2015-07-31,hsi,49,47,0.9592
2015-07-31,n225,224,209,0.933
2015-07-31,smi,20,16,0.8
2015-07-31,sp500,483,384,0.795
2015-07-31,sx5e,49,48,0.9796
2015-08-31,aex,25,17,0.68
2015-08-31,all,984,827,0.8404
2015-08-31,cac40,40,35,0.875
2015-08-31,dax,30,30,1.0
2015-08-31,ftse100,100,76,0.76
2015-08-31,hsi,49,47,0.9592
2015-08-31,n225,224,209,0.933
2015-08-31,smi,20,16,0.8
2015-08-31,sp500,483,384,0.795
2015-08-31,sx5e,49,48,0.9796
2015-09-30,aex,25,17,0.68
2015-09-30,all,984,827,0.8404
2015-09-30,cac40,40,35,0.875
2015-09-30,dax,30,30,1.0
2015-09-30,ftse100,100,76,0.76
2015-09-30,hsi,49,47,0.9592
2015-09-30,n225,224,209,0.933
2015-09-30,smi,20,16,0.8
2015-09-30,sp500,484,385,0.7955
2015-09-30,sx5e,49,48,0.9796
2015-10-31,aex,25,17,0.68
2015-10-31,all,984,828,0.8415
2015-10-31,cac40,40,35,0.875
2015-10-31,dax,30,30,1.0
2015-10-31,ftse100,100,76,0.76
2015-10-31,hsi,49,47,0.9592
2015-10-31,n225,224,209,0.933
2015-10-31,smi,20,16,0.8
2015-10-31,sp500,484,386,0.7975
2015-10-31,sx5e,49,48,0.9796
2015-11-30,aex,25,17,0.68
2015-11-30,all,984,830,0.8435
2015-11-30,cac40,40,35,0.875
2015-11-30,dax,30,30,1.0
2015-11-30,ftse100,100,76,0.76
2015-11-30,hsi,49,47,0.9592
2015-11-30,n225,224,209,0.933
2015-11-30,smi,20,16,0.8
2015-11-30,sp500,484,388,0.8017
2015-11-30,sx5e,49,48,0.9796
2015-12-31,aex,25,17,0.68
2015-12-31,all,982,832,0.8473
2015-12-31,cac40,40,36,0.9
2015-12-31,dax,30,30,1.0
2015-12-31,ftse100,100,77,0.77
2015-12-31,hsi,49,47,0.9592
2015-12-31,n225,224,209,0.933
2015-12-31,smi,20,16,0.8
2015-12-31,sp500,482,388,0.805
2015-12-31,sx5e,49,48,0.9796
2016-01-31,aex,25,17,0.68
2016-01-31,all,982,833,0.8483
2016-01-31,cac40,40,37,0.925
2016-01-31,dax,30,30,1.0
2016-01-31,ftse100,100,77,0.77
2016-01-31,hsi,49,47,0.9592
2016-01-31,n225,224,209,0.933
2016-01-31,smi,20,16,0.8
2016-01-31,sp500,483,389,0.8054
2016-01-31,sx5e,49,48,0.9796
2016-02-29,aex,25,17,0.68
2016-02-29,all,983,835,0.8494
2016-02-29,cac40,40,37,0.925
2016-02-29,dax,30,30,1.0
2016-02-29,ftse100,100,77,0.77
2016-02-29,hsi,49,47,0.9592
2016-02-29,n225,224,209,0.933
2016-02-29,smi,20,16,0.8
2016-02-29,sp500,484,391,0.8079
2016-02-29,sx5e,49,48,0.9796
2016-03-31,aex,25,18,0.72
2016-03-31,all,984,837,0.8506
2016-03-31,cac40,40,37,0.925
2016-03-31,dax,30,30,1.0
2016-03-31,ftse100,100,75,0.75
2016-03-31,hsi,49,47,0.9592
2016-03-31,n225,224,209,0.933
2016-03-31,smi,20,17,0.85
2016-03-31,sp500,485,393,0.8103
2016-03-31,sx5e,49,48,0.9796
2016-04-30,aex,25,18,0.72
2016-04-30,all,985,839,0.8518
2016-04-30,cac40,40,37,0.925
2016-04-30,dax,30,30,1.0
2016-04-30,ftse100,100,75,0.75
2016-04-30,hsi,49,47,0.9592
2016-04-30,n225,224,211,0.942
2016-04-30,smi,20,17,0.85
2016-04-30,sp500,486,393,0.8086
2016-04-30,sx5e,49,48,0.9796
2016-05-31,aex,25,18,0.72
2016-05-31,all,987,844,0.8551
2016-05-31,cac40,40,37,0.925
2016-05-31,dax,30,30,1.0
2016-05-31,ftse100,100,75,0.75
2016-05-31,hsi,49,47,0.9592
2016-05-31,n225,224,211,0.942
2016-05-31,smi,20,17,0.85
2016-05-31,sp500,488,398,0.8156
2016-05-31,sx5e,49,48,0.9796
2016-06-30,aex,25,18,0.72
2016-06-30,all,987,847,0.8582
2016-06-30,cac40,40,37,0.925
2016-06-30,dax,30,30,1.0
2016-06-30,ftse100,100,76,0.76
2016-06-30,hsi,49,47,0.9592
2016-06-30,n225,224,211,0.942
2016-06-30,smi,20,17,0.85
2016-06-30,sp500,488,400,0.8197
2016-06-30,sx5e,49,48,0.9796
2016-07-31,aex,25,18,0.72
2016-07-31,all,988,851,0.8613
2016-07-31,cac40,40,37,0.925
2016-07-31,dax,30,30,1.0
2016-07-31,ftse100,100,77,0.77
2016-07-31,hsi,49,47,0.9592
2016-07-31,n225,224,211,0.942
2016-07-31,smi,20,17,0.85
2016-07-31,sp500,489,403,0.8241
2016-07-31,sx5e,49,48,0.9796
2016-08-31,aex,25,18,0.72
2016-08-31,all,988,851,0.8613
2016-08-31,cac40,40,37,0.925
2016-08-31,dax,30,30,1.0
2016-08-31,ftse100,100,77,0.77
2016-08-31,hsi,49,47,0.9592
2016-08-31,n225,224,211,0.942
2016-08-31,smi,20,17,0.85
2016-08-31,sp500,489,403,0.8241
2016-08-31,sx5e,49,48,0.9796
2016-09-30,aex,25,18,0.72
2016-09-30,all,989,852,0.8615
2016-09-30,cac40,40,37,0.925
2016-09-30,dax,30,30,1.0
2016-09-30,ftse100,100,77,0.77
2016-09-30,hsi,49,47,0.9592
2016-09-30,n225,224,211,0.942
2016-09-30,smi,20,17,0.85
2016-09-30,sp500,491,406,0.8269
2016-09-30,sx5e,49,47,0.9592
2016-10-31,aex,25,18,0.72
2016-10-31,all,989,853,0.8625
2016-10-31,cac40,40,37,0.925
2016-10-31,dax,30,30,1.0
2016-10-31,ftse100,100,77,0.77
2016-10-31,hsi,49,47,0.9592
2016-10-31,n225,224,211,0.942
2016-10-31,smi,20,17,0.85
2016-10-31,sp500,491,407,0.8289
2016-10-31,sx5e,49,47,0.9592
2016-11-30,aex,25,18,0.72
2016-11-30,all,989,853,0.8625
2016-11-30,cac40,40,37,0.925
2016-11-30,dax,30,30,1.0
2016-11-30,ftse100,100,77,0.77
2016-11-30,hsi,49,47,0.9592
2016-11-30,n225,224,211,0.942
2016-11-30,smi,20,17,0.85
2016-11-30,sp500,491,407,0.8289
2016-11-30,sx5e,49,47,0.9592
2016-12-31,aex,25,18,0.72
2016-12-31,all,989,853,0.8625
2016-12-31,cac40,40,37,0.925
2016-12-31,dax,30,30,1.0
2016-12-31,ftse100,100,77,0.77
2016-12-31,hsi,49,47,0.9592
2016-12-31,n225,224,211,0.942
2016-12-31,smi,20,17,0.85
2016-12-31,sp500,491,407,0.8289
2016-12-31,sx5e,49,47,0.9592
2017-01-31,aex,25,18,0.72
2017-01-31,all,989,855,0.8645
2017-01-31,cac40,40,37,0.925
2017-01-31,dax,30,30,1.0
2017-01-31,ftse100,100,77,0.77
2017-01-31,hsi,49,47,0.9592
2017-01-31,n225,224,212,0.9464
2017-01-31,smi,20,17,0.85
2017-01-31,sp500,491,408,0.831
2017-01-31,sx5e,49,47,0.9592
2017-02-28,aex,25,18,0.72
2017-02-28,all,990,856,0.8646
2017-02-28,cac40,40,37,0.925
2017-02-28,dax,30,30,1.0
2017-02-28,ftse100,100,77,0.77
2017-02-28,hsi,49,47,0.9592
2017-02-28,n225,224,212,0.9464
2017-02-28,smi,20,17,0.85
2017-02-28,sp500,492,409,0.8313
2017-02-28,sx5e,49,47,0.9592
2017-03-31,aex,25,18,0.72
2017-03-31,all,990,860,0.8687
2017-03-31,cac40,40,37,0.925
2017-03-31,dax,30,30,1.0
2017-03-31,ftse100,100,77,0.77
2017-03-31,hsi,49,48,0.9796
2017-03-31,n225,224,212,0.9464
2017-03-31,smi,20,17,0.85
2017-03-31,sp500,492,412,0.8374
2017-03-31,sx5e,49,47,0.9592
2017-04-30,aex,25,18,0.72
2017-04-30,all,990,862,0.8707
2017-04-30,cac40,40,37,0.925
2017-04-30,dax,30,30,1.0
2017-04-30,ftse100,100,77,0.77
2017-04-30,hsi,49,48,0.9796
2017-04-30,n225,224,212,0.9464
2017-04-30,smi,20,17,0.85
2017-04-30,sp500,492,414,0.8415
2017-04-30,sx5e,49,47,0.9592
2017-05-31,aex,25,18,0.72
2017-05-31,all,991,865,0.8729
2017-05-31,cac40,40,37,0.925
2017-05-31,dax,30,30,1.0
2017-05-31,ftse100,100,77,0.77
2017-05-31,hsi,49,48,0.9796
2017-05-31,n225,224,212,0.9464
2017-05-31,smi,20,19,0.95
2017-05-31,sp500,493,415,0.8418
2017-05-31,sx5e,49,47,0.9592
2017-06-30,aex,25,18,0.72
2017-06-30,all,990,866,0.8747
2017-06-30,cac40,40,37,0.925
2017-06-30,dax,30,30,1.0
2017-06-30,ftse100,100,77,0.77
2017-06-30,hsi,49,48,0.9796
2017-06-30,n225,224,212,0.9464
2017-06-30,smi,20,19,0.95
2017-06-30,sp500,492,416,0.8455
2017-06-30,sx5e,49,47,0.9592
2017-07-31,aex,25,18,0.72
2017-07-31,all,991,869,0.8769
2017-07-31,cac40,40,37,0.925
2017-07-31,dax,30,30,1.0
2017-07-31,ftse100,100,77,0.77
2017-07-31,hsi,49,48,0.9796
2017-07-31,n225,224,213,0.9509
2017-07-31,smi,20,19,0.95
2017-07-31,sp500,493,418,0.8479
2017-07-31,sx5e,49,47,0.9592
2017-08-31,aex,25,18,0.72
2017-08-31,all,991,870,0.8779
2017-08-31,cac40,40,37,0.925
2017-08-31,dax,30,30,1.0
2017-08-31,ftse100,100,77,0.77
2017-08-31,hsi,49,48,0.9796
2017-08-31,n225,224,213,0.9509
2017-08-31,smi,20,19,0.95
2017-08-31,sp500,493,419,0.8499
2017-08-31,sx5e,49,47,0.9592
2017-09-30,aex,25,18,0.72
2017-09-30,all,994,874,0.8793
2017-09-30,cac40,40,37,0.925
2017-09-30,dax,30,30,1.0
2017-09-30,ftse100,100,78,0.78
2017-09-30,hsi,50,49,0.98
2017-09-30,n225,224,213,0.9509
2017-09-30,smi,20,19,0.95
2017-09-30,sp500,494,420,0.8502
2017-09-30,sx5e,49,47,0.9592
2017-10-31,aex,25,18,0.72
2017-10-31,all,994,875,0.8803
2017-10-31,cac40,40,37,0.925
2017-10-31,dax,30,30,1.0
2017-10-31,ftse100,100,78,0.78
2017-10-31,hsi,50,49,0.98
2017-10-31,n225,224,213,0.9509
2017-10-31,smi,20,19,0.95
2017-10-31,sp500,494,421,0.8522
2017-10-31,sx5e,49,47,0.9592
2017-11-30,aex,25,18,0.72
2017-11-30,all,995,876,0.8804
2017-11-30,cac40,40,37,0.925
2017-11-30,dax,30,30,1.0
2017-11-30,ftse100,100,78,0.78
2017-11-30,hsi,51,50,0.9804
2017-11-30,n225,224,213,0.9509
2017-11-30,smi,20,19,0.95
2017-11-30,sp500,494,421,0.8522
2017-11-30,sx5e,49,47,0.9592
2017-12-31,aex,25,18,0.72
2017-12-31,all,994,875,0.8803
2017-12-31,cac40,40,37,0.925
2017-12-31,dax,30,30,1.0
2017-12-31,ftse100,100,77,0.77
2017-12-31,hsi,51,50,0.9804
2017-12-31,n225,224,213,0.9509
2017-12-31,smi,20,19,0.95
2017-12-31,sp500,493,421,0.854
2017-12-31,sx5e,49,47,0.9592
2018-01-31,aex,25,18,0.72
2018-01-31,all,995,876,0.8804
2018-01-31,cac40,40,37,0.925
2018-01-31,dax,30,30,1.0
2018-01-31,ftse100,100,77,0.77
2018-01-31,hsi,51,50,0.9804
2018-01-31,n225,224,213,0.9509
2018-01-31,smi,20,19,0.95
2018-01-31,sp500,494,422,0.8543
2018-01-31,sx5e,49,47,0.9592
2018-02-28,aex,25,18,0.72
2018-02-28,all,995,876,0.8804
2018-02-28,cac40,40,37,0.925
2018-02-28,dax,30,30,1.0
2018-02-28,ftse100,100,77,0.77
2018-02-28,hsi,51,50,0.9804
2018-02-28,n225,224,213,0.9509
2018-02-28,smi,20,19,0.95
2018-02-28,sp500,494,422,0.8543
2018-02-28,sx5e,49,47,0.9592
2018-03-31,aex,25,19,0.76
2018-03-31,all,994,876,0.8813
2018-03-31,cac40,40,37,0.925
2018-03-31,dax,30,29,0.9667
2018-03-31,ftse100,100,76,0.76
2018-03-31,hsi,50,49,0.98
2018-03-31,n225,224,213,0.9509
2018-03-31,smi,20,19,0.95
2018-03-31,sp500,494,424,0.8583
2018-03-31,sx5e,49,47,0.9592
2018-04-30,aex,25,19,0.76
2018-04-30,all,995,877,0.8814
2018-04-30,cac40,40,37,0.925
2018-04-30,dax,30,29,0.9667
2018-04-30,ftse100,100,76,0.76
2018-04-30,hsi,50,49,0.98
2018-04-30,n225,224,213,0.9509
2018-04-30,smi,20,19,0.95
2018-04-30,sp500,495,425,0.8586
2018-04-30,sx5e,49,47,0.9592
2018-05-31,aex,25,19,0.76
2018-05-31,all,995,877,0.8814
2018-05-31,cac40,40,36,0.9
2018-05-31,dax,30,29,0.9667
2018-05-31,ftse100,100,77,0.77
2018-05-31,hsi,50,49,0.98
2018-05-31,n225,224,213,0.9509
2018-05-31,smi,20,19,0.95
2018-05-31,sp500,495,425,0.8586
2018-05-31,sx5e,49,47,0.9592
2018-06-30,aex,25,19,0.76
2018-06-30,all,996,881,0.8845
2018-06-30,cac40,40,36,0.9
2018-06-30,dax,30,29,0.9667
2018-06-30,ftse100,100,80,0.8
2018-06-30,hsi,50,49,0.98
2018-06-30,n225,224,213,0.9509
2018-06-30,smi,20,19,0.95
2018-06-30,sp500,495,425,0.8586
2018-06-30,sx5e,49,47,0.9592
2018-07-31,aex,25,19,0.76
2018-07-31,all,996,881,0.8845
2018-07-31,cac40,40,36,0.9
2018-07-31,dax,30,29,0.9667
2018-07-31,ftse100,100,80,0.8
2018-07-31,hsi,50,49,0.98
2018-07-31,n225,224,213,0.9509
2018-07-31,smi,20,19,0.95
2018-07-31,sp500,495,425,0.8586
2018-07-31,sx5e,49,47,0.9592
2018-08-31,aex,25,19,0.76
2018-08-31,all,996,882,0.8855
2018-08-31,cac40,40,36,0.9
2018-08-31,dax,30,29,0.9667
2018-08-31,ftse100,100,80,0.8
2018-08-31,hsi,50,49,0.98
2018-08-31,n225,224,213,0.9509
2018-08-31,smi,20,19,0.95
2018-08-31,sp500,495,426,0.8606
2018-08-31,sx5e,49,47,0.9592
2018-09-30,aex,25,19,0.76
2018-09-30,all,997,882,0.8847
2018-09-30,cac40,40,36,0.9
2018-09-30,dax,30,28,0.9333
2018-09-30,ftse100,100,80,0.8
2018-09-30,hsi,50,49,0.98
2018-09-30,n225,224,213,0.9509
2018-09-30,smi,20,19,0.95
2018-09-30,sp500,495,426,0.8606
2018-09-30,sx5e,49,47,0.9592
2018-10-31,aex,25,19,0.76
2018-10-31,all,996,884,0.8876
2018-10-31,cac40,40,36,0.9
2018-10-31,dax,30,28,0.9333
2018-10-31,ftse100,100,80,0.8
2018-10-31,hsi,50,49,0.98
2018-10-31,n225,224,213,0.9509
2018-10-31,smi,20,19,0.95
2018-10-31,sp500,494,428,0.8664
2018-10-31,sx5e,49,47,0.9592
2018-11-30,aex,25,19,0.76
2018-11-30,all,995,886,0.8905
2018-11-30,cac40,40,36,0.9
2018-11-30,dax,30,28,0.9333
2018-11-30,ftse100,100,80,0.8
2018-11-30,hsi,50,49,0.98
2018-11-30,n225,224,213,0.9509
2018-11-30,smi,20,19,0.95
2018-11-30,sp500,493,430,0.8722
2018-11-30,sx5e,49,47,0.9592
2018-12-31,aex,25,19,0.76
2018-12-31,all,997,892,0.8947
2018-12-31,cac40,40,36,0.9
2018-12-31,dax,30,28,0.9333
2018-12-31,ftse100,100,83,0.83
2018-12-31,hsi,50,49,0.98
2018-12-31,n225,224,213,0.9509
2018-12-31,smi,20,19,0.95
2018-12-31,sp500,495,433,0.8747
2018-12-31,sx5e,49,47,0.9592
2019-01-31,aex,25,19,0.76
2019-01-31,all,997,894,0.8967
2019-01-31,cac40,40,36,0.9
2019-01-31,dax,30,28,0.9333
2019-01-31,ftse100,100,84,0.84
2019-01-31,hsi,50,49,0.98
2019-01-31,n225,224,214,0.9554
2019-01-31,smi,20,19,0.95
2019-01-31,sp500,495,433,0.8747
2019-01-31,sx5e,49,47,0.9592
2019-02-28,aex,25,19,0.76
2019-02-28,all,998,895,0.8968
2019-02-28,cac40,40,36,0.9
2019-02-28,dax,30,28,0.9333
2019-02-28,ftse100,100,84,0.84
2019-02-28,hsi,50,49,0.98
2019-02-28,n225,224,214,0.9554
2019-02-28,smi,20,19,0.95
2019-02-28,sp500,496,434,0.875
2019-02-28,sx5e,49,47,0.9592
2019-03-31,aex,24,20,0.8333
2019-03-31,all,998,899,0.9008
2019-03-31,cac40,40,36,0.9
2019-03-31,dax,30,28,0.9333
2019-03-31,ftse100,100,84,0.84
2019-03-31,hsi,50,49,0.98
2019-03-31,n225,224,216,0.9643
2019-03-31,smi,20,19,0.95
2019-03-31,sp500,497,435,0.8753
2019-03-31,sx5e,49,47,0.9592
2019-04-30,aex,24,20,0.8333
2019-04-30,all,998,899,0.9008
2019-04-30,cac40,40,36,0.9
2019-04-30,dax,30,28,0.9333
2019-04-30,ftse100,100,84,0.84
2019-04-30,hsi,50,49,0.98
2019-04-30,n225,224,216,0.9643
2019-04-30,smi,20,19,0.95
2019-04-30,sp500,497,435,0.8753
2019-04-30,sx5e,49,47,0.9592
2019-05-31,aex,24,20,0.8333
2019-05-31,all,998,899,0.9008
2019-05-31,cac40,40,36,0.9
2019-05-31,dax,30,28,0.9333
2019-05-31,ftse100,100,84,0.84
2019-05-31,hsi,50,49,0.98
2019-05-31,n225,224,216,0.9643
2019-05-31,smi,20,19,0.95
2019-05-31,sp500,497,435,0.8753
2019-05-31,sx5e,49,47,0.9592
2019-06-30,aex,25,20,0.8
2019-06-30,all,999,899,0.8999
2019-06-30,cac40,40,36,0.9
2019-06-30,dax,30,28,0.9333
2019-06-30,ftse100,100,83,0.83
2019-06-30,hsi,50,49,0.98
2019-06-30,n225,224,216,0.9643
2019-06-30,smi,20,19,0.95
2019-06-30,sp500,497,436,0.8773
2019-06-30,sx5e,49,47,0.9592
2019-07-31,aex,25,20,0.8
2019-07-31,all,999,901,0.9019
2019-07-31,cac40,40,36,0.9
2019-07-31,dax,30,28,0.9333
2019-07-31,ftse100,100,83,0.83
2019-07-31,hsi,50,49,0.98
2019-07-31,n225,224,216,0.9643
2019-07-31,smi,20,19,0.95
2019-07-31,sp500,497,438,0.8813
2019-07-31,sx5e,49,47,0.9592
2019-08-31,aex,25,20,0.8
2019-08-31,all,1000,903,0.903
2019-08-31,cac40,40,36,0.9
2019-08-31,dax,30,28,0.9333
2019-08-31,ftse100,100,83,0.83
2019-08-31,hsi,50,49,0.98
2019-08-31,n225,224,216,0.9643
2019-08-31,smi,20,19,0.95
2019-08-31,sp500,498,440,0.8835
2019-08-31,sx5e,49,47,0.9592
2019-09-30,aex,25,21,0.84
2019-09-30,all,1000,905,0.905
2019-09-30,cac40,40,36,0.9
2019-09-30,dax,30,28,0.9333
2019-09-30,ftse100,100,83,0.83
2019-09-30,hsi,50,49,0.98
2019-09-30,n225,224,216,0.9643
2019-09-30,smi,20,19,0.95
2019-09-30,sp500,498,441,0.8855
2019-09-30,sx5e,50,48,0.96
2019-10-31,aex,25,21,0.84
2019-10-31,all,1000,908,0.908
2019-10-31,cac40,40,36,0.9
2019-10-31,dax,30,28,0.9333
2019-10-31,ftse100,100,84,0.84
2019-10-31,hsi,50,49,0.98
2019-10-31,n225,224,217,0.9688
2019-10-31,smi,20,19,0.95
2019-10-31,sp500,498,442,0.8876
2019-10-31,sx5e,50,48,0.96
2019-11-30,aex,25,21,0.84
2019-11-30,all,1000,909,0.909
2019-11-30,cac40,40,36,0.9
2019-11-30,dax,30,28,0.9333
2019-11-30,ftse100,100,84,0.84
2019-11-30,hsi,50,49,0.98
2019-11-30,n225,224,217,0.9688
2019-11-30,smi,20,19,0.95
2019-11-30,sp500,498,443,0.8896
2019-11-30,sx5e,50,48,0.96
2019-12-31,aex,25,21,0.84
2019-12-31,all,1001,911,0.9101
2019-12-31,cac40,40,36,0.9
2019-12-31,dax,30,28,0.9333
2019-12-31,ftse100,100,83,0.83
2019-12-31,hsi,50,49,0.98
2019-12-31,n225,224,217,0.9688
2019-12-31,smi,20,19,0.95
2019-12-31,sp500,499,446,0.8938
2019-12-31,sx5e,50,48,0.96
2020-01-31,aex,25,21,0.84
2020-01-31,all,1001,912,0.9111
2020-01-31,cac40,40,36,0.9
2020-01-31,dax,30,28,0.9333
2020-01-31,ftse100,100,83,0.83
2020-01-31,hsi,50,49,0.98
2020-01-31,n225,224,217,0.9688
2020-01-31,smi,20,19,0.95
2020-01-31,sp500,499,447,0.8958
2020-01-31,sx5e,50,48,0.96
2020-02-29,aex,25,21,0.84
2020-02-29,all,1001,912,0.9111
2020-02-29,cac40,40,36,0.9
2020-02-29,dax,30,28,0.9333
2020-02-29,ftse100,100,83,0.83
2020-02-29,hsi,50,49,0.98
2020-02-29,n225,224,217,0.9688
2020-02-29,smi,20,19,0.95
2020-02-29,sp500,499,447,0.8958
2020-02-29,sx5e,50,48,0.96
2020-03-31,aex,25,20,0.8
2020-03-31,all,1001,915,0.9141
2020-03-31,cac40,40,37,0.925
2020-03-31,dax,30,28,0.9333
2020-03-31,ftse100,100,85,0.85
2020-03-31,hsi,50,49,0.98
2020-03-31,n225,224,217,0.9688
2020-03-31,smi,20,19,0.95
2020-03-31,sp500,499,448,0.8978
2020-03-31,sx5e,50,48,0.96
2020-04-30,aex,25,20,0.8
2020-04-30,all,1001,918,0.9171
2020-04-30,cac40,40,37,0.925
2020-04-30,dax,30,28,0.9333
2020-04-30,ftse100,100,85,0.85
2020-04-30,hsi,50,49,0.98
2020-04-30,n225,224,217,0.9688
2020-04-30,smi,20,19,0.95
2020-04-30,sp500,499,451,0.9038
2020-04-30,sx5e,50,48,0.96
2020-05-31,aex,25,20,0.8
2020-05-31,all,1001,919,0.9181
2020-05-31,cac40,40,37,0.925
2020-05-31,dax,30,28,0.9333
2020-05-31,ftse100,100,85,0.85
2020-05-31,hsi,50,49,0.98
2020-05-31,n225,224,217,0.9688
2020-05-31,smi,20,19,0.95
2020-05-31,sp500,499,452,0.9058
2020-05-31,sx5e,50,48,0.96
2020-06-30,aex,25,20,0.8
2020-06-30,all,1001,920,0.9191
2020-06-30,cac40,40,37,0.925
2020-06-30,dax,30,28,0.9333
2020-06-30,ftse100,100,85,0.85
2020-06-30,hsi,50,49,0.98
2020-06-30,n225,224,217,0.9688
2020-06-30,smi,20,19,0.95
2020-06-30,sp500,499,453,0.9078
2020-06-30,sx5e,50,48,0.96
2020-07-31,aex,25,20,0.8
2020-07-31,all,1002,921,0.9192
2020-07-31,cac40,40,37,0.925
2020-07-31,dax,30,28,0.9333
2020-07-31,ftse100,100,85,0.85
2020-07-31,hsi,50,49,0.98
2020-07-31,n225,225,218,0.9689
2020-07-31,smi,20,19,0.95
2020-07-31,sp500,499,453,0.9078
2020-07-31,sx5e,50,48,0.96
2020-08-31,aex,25,20,0.8
2020-08-31,all,1002,922,0.9202
2020-08-31,cac40,40,37,0.925
2020-08-31,dax,30,29,0.9667
2020-08-31,ftse100,100,85,0.85
2020-08-31,hsi,50,49,0.98
2020-08-31,n225,225,218,0.9689
2020-08-31,smi,20,19,0.95
2020-08-31,sp500,499,453,0.9078
2020-08-31,sx5e,50,48,0.96
2020-09-30,aex,25,20,0.8
2020-09-30,all,1001,920,0.9191
2020-09-30,cac40,40,37,0.925
2020-09-30,dax,30,29,0.9667
2020-09-30,ftse100,100,85,0.85
2020-09-30,hsi,50,49,0.98
2020-09-30,n225,225,218,0.9689
2020-09-30,smi,20,19,0.95
2020-09-30,sp500,499,452,0.9058
2020-09-30,sx5e,50,48,0.96
2020-10-31,aex,25,20,0.8
2020-10-31,all,1001,923,0.9221
2020-10-31,cac40,40,37,0.925
2020-10-31,dax,30,29,0.9667
2020-10-31,ftse100,100,85,0.85
2020-10-31,hsi,50,49,0.98
2020-10-31,n225,225,219,0.9733
2020-10-31,smi,20,19,0.95
2020-10-31,sp500,499,454,0.9098
2020-10-31,sx5e,50,48,0.96
2020-11-30,aex,25,20,0.8
2020-11-30,all,1002,924,0.9222
2020-11-30,cac40,40,37,0.925
2020-11-30,dax,30,29,0.9667
2020-11-30,ftse100,100,85,0.85
2020-11-30,hsi,50,49,0.98
2020-11-30,n225,225,219,0.9733
2020-11-30,smi,20,19,0.95
2020-11-30,sp500,499,455,0.9118
2020-11-30,sx5e,50,48,0.96
2020-12-31,aex,25,21,0.84
2020-12-31,all,1004,929,0.9253
2020-12-31,cac40,40,37,0.925
2020-12-31,dax,30,29,0.9667
2020-12-31,ftse100,100,86,0.86
2020-12-31,hsi,52,51,0.9808
2020-12-31,n225,225,220,0.9778
2020-12-31,smi,20,19,0.95
2020-12-31,sp500,499,455,0.9118
2020-12-31,sx5e,50,48,0.96
2021-01-31,aex,25,21,0.84
2021-01-31,all,1004,932,0.9283
2021-01-31,cac40,40,38,0.95
2021-01-31,dax,30,29,0.9667
2021-01-31,ftse100,100,86,0.86
2021-01-31,hsi,52,51,0.9808
2021-01-31,n225,225,220,0.9778
2021-01-31,smi,20,19,0.95
2021-01-31,sp500,499,457,0.9158
2021-01-31,sx5e,50,48,0.96
2021-02-28,aex,25,21,0.84
2021-02-28,all,1004,933,0.9293
2021-02-28,cac40,40,38,0.95
2021-02-28,dax,30,29,0.9667
2021-02-28,ftse100,100,86,0.86
2021-02-28,hsi,52,51,0.9808
2021-02-28,n225,225,220,0.9778
2021-02-28,smi,20,19,0.95
2021-02-28,sp500,499,458,0.9178
2021-02-28,sx5e,50,48,0.96
2021-03-31,aex,25,22,0.88
2021-03-31,all,1006,937,0.9314
2021-03-31,cac40,40,38,0.95
2021-03-31,dax,30,29,0.9667
2021-03-31,ftse100,100,87,0.87
2021-03-31,hsi,55,54,0.9818
2021-03-31,n225,225,220,0.9778
2021-03-31,smi,20,19,0.95
2021-03-31,sp500,499,458,0.9178
2021-03-31,sx5e,50,48,0.96
2021-04-30,aex,25,22,0.88
2021-04-30,all,1006,938,0.9324
2021-04-30,cac40,40,38,0.95
2021-04-30,dax,30,29,0.9667
2021-04-30,ftse100,100,87,0.87
2021-04-30,hsi,55,54,0.9818
2021-04-30,n225,225,220,0.9778
2021-04-30,smi,20,19,0.95
2021-04-30,sp500,499,459,0.9198
2021-04-30,sx5e,50,48,0.96
2021-05-31,aex,25,22,0.88
2021-05-31,all,1006,939,0.9334
2021-05-31,cac40,40,38,0.95
2021-05-31,dax,30,29,0.9667
2021-05-31,ftse100,100,87,0.87
2021-05-31,hsi,55,54,0.9818
2021-05-31,n225,225,220,0.9778
2021-05-31,smi,20,19,0.95
2021-05-31,sp500,499,460,0.9218
2021-05-31,sx5e,50,48,0.96
2021-06-30,aex,25,22,0.88
2021-06-30,all,1009,943,0.9346
2021-06-30,cac40,40,38,0.95
2021-06-30,dax,30,29,0.9667
2021-06-30,ftse100,100,87,0.87
2021-06-30,hsi,58,57,0.9828
2021-06-30,n225,225,220,0.9778
2021-06-30,smi,20,19,0.95
2021-06-30,sp500,499,461,0.9238
2021-06-30,sx5e,50,48,0.96
2021-07-31,aex,25,22,0.88
2021-07-31,all,1009,944,0.9356
2021-07-31,cac40,40,38,0.95
2021-07-31,dax,30,29,0.9667
2021-07-31,ftse100,100,87,0.87
2021-07-31,hsi,58,57,0.9828
2021-07-31,n225,225,220,0.9778
2021-07-31,smi,20,19,0.95
2021-07-31,sp500,499,462,0.9259
2021-07-31,sx5e,50,48,0.96
2021-08-31,aex,25,22,0.88
2021-08-31,all,1009,946,0.9376
2021-08-31,cac40,40,38,0.95
2021-08-31,dax,30,29,0.9667
2021-08-31,ftse100,100,87,0.87
2021-08-31,hsi,58,57,0.9828
2021-08-31,n225,225,220,0.9778
2021-08-31,smi,20,19,0.95
2021-08-31,sp500,499,464,0.9299
2021-08-31,sx5e,50,48,0.96
2021-09-30,aex,25,22,0.88
2021-09-30,all,1022,957,0.9364
2021-09-30,cac40,40,38,0.95
2021-09-30,dax,40,39,0.975
2021-09-30,ftse100,100,86,0.86
2021-09-30,hsi,60,59,0.9833
2021-09-30,n225,225,220,0.9778
2021-09-30,smi,20,19,0.95
2021-09-30,sp500,499,463,0.9279
2021-09-30,sx5e,50,48,0.96
2021-10-31,aex,25,22,0.88
2021-10-31,all,1022,957,0.9364
2021-10-31,cac40,40,38,0.95
2021-10-31,dax,40,39,0.975
2021-10-31,ftse100,100,86,0.86
2021-10-31,hsi,60,59,0.9833
2021-10-31,n225,225,220,0.9778
2021-10-31,smi,20,19,0.95
2021-10-31,sp500,499,463,0.9279
2021-10-31,sx5e,50,48,0.96
2021-11-30,aex,25,22,0.88
2021-11-30,all,1022,957,0.9364
2021-11-30,cac40,40,38,0.95
2021-11-30,dax,40,39,0.975
2021-11-30,ftse100,100,86,0.86
2021-11-30,hsi,60,59,0.9833
2021-11-30,n225,225,220,0.9778
2021-11-30,smi,20,19,0.95
2021-11-30,sp500,499,463,0.9279
2021-11-30,sx5e,50,48,0.96
2021-12-31,aex,25,22,0.88
2021-12-31,all,1024,962,0.9395
2021-12-31,cac40,40,38,0.95
2021-12-31,dax,40,39,0.975
2021-12-31,ftse100,100,86,0.86
2021-12-31,hsi,64,63,0.9844
2021-12-31,n225,225,220,0.9778
2021-12-31,smi,20,19,0.95
2021-12-31,sp500,498,465,0.9337
2021-12-31,sx5e,50,48,0.96
2022-01-31,aex,25,22,0.88
2022-01-31,all,1024,963,0.9404
2022-01-31,cac40,40,38,0.95
2022-01-31,dax,40,39,0.975
2022-01-31,ftse100,100,86,0.86
2022-01-31,hsi,64,63,0.9844
2022-01-31,n225,225,221,0.9822
2022-01-31,smi,20,19,0.95
2022-01-31,sp500,498,465,0.9337
2022-01-31,sx5e,50,48,0.96
2022-02-28,aex,25,22,0.88
2022-02-28,all,1024,964,0.9414
2022-02-28,cac40,40,38,0.95
2022-02-28,dax,40,39,0.975
2022-02-28,ftse100,100,86,0.86
2022-02-28,hsi,64,63,0.9844
2022-02-28,n225,225,221,0.9822
2022-02-28,smi,20,19,0.95
2022-02-28,sp500,498,466,0.9357
2022-02-28,sx5e,50,48,0.96
2022-03-31,aex,25,22,0.88
2022-03-31,all,1027,969,0.9435
2022-03-31,cac40,40,38,0.95
2022-03-31,dax,40,39,0.975
2022-03-31,ftse100,100,88,0.88
2022-03-31,hsi,66,65,0.9848
2022-03-31,n225,225,221,0.9822
2022-03-31,smi,20,19,0.95
2022-03-31,sp500,499,467,0.9359
2022-03-31,sx5e,50,48,0.96
2022-04-30,aex,25,22,0.88
2022-04-30,all,1027,971,0.9455
2022-04-30,cac40,40,38,0.95
2022-04-30,dax,40,39,0.975
2022-04-30,ftse100,100,88,0.88
2022-04-30,hsi,66,65,0.9848
2022-04-30,n225,225,222,0.9867
2022-04-30,smi,20,19,0.95
2022-04-30,sp500,499,468,0.9379
2022-04-30,sx5e,50,48,0.96
2022-05-31,aex,25,22,0.88
2022-05-31,all,1027,972,0.9464
2022-05-31,cac40,40,38,0.95
2022-05-31,dax,40,39,0.975
2022-05-31,ftse100,100,89,0.89
2022-05-31,hsi,66,65,0.9848
2022-05-31,n225,225,222,0.9867
2022-05-31,smi,20,19,0.95
2022-05-31,sp500,499,468,0.9379
2022-05-31,sx5e,50,48,0.96
2022-06-30,aex,25,22,0.88
2022-06-30,all,1030,977,0.9485
2022-06-30,cac40,40,38,0.95
2022-06-30,dax,40,39,0.975
2022-06-30,ftse100,100,90,0.9
2022-06-30,hsi,69,68,0.9855
2022-06-30,n225,225,222,0.9867
2022-06-30,smi,20,19,0.95
2022-06-30,sp500,499,469,0.9399
2022-06-30,sx5e,50,48,0.96
2022-07-31,aex,25,22,0.88
2022-07-31,all,1030,977,0.9485
2022-07-31,cac40,40,38,0.95
2022-07-31,dax,40,39,0.975
2022-07-31,ftse100,100,90,0.9
2022-07-31,hsi,69,68,0.9855
2022-07-31,n225,225,222,0.9867
2022-07-31,smi,20,19,0.95
2022-07-31,sp500,499,469,0.9399
2022-07-31,sx5e,50,48,0.96
2022-08-31,aex,25,22,0.88
2022-08-31,all,1030,977,0.9485
2022-08-31,cac40,40,38,0.95
2022-08-31,dax,40,39,0.975
2022-08-31,ftse100,100,90,0.9
2022-08-31,hsi,69,68,0.9855
2022-08-31,n225,225,222,0.9867
2022-08-31,smi,20,19,0.95
2022-08-31,sp500,499,469,0.9399
2022-08-31,sx5e,50,48,0.96
2022-09-30,aex,25,22,0.88
2022-09-30,all,1035,983,0.9498
2022-09-30,cac40,40,38,0.95
2022-09-30,dax,40,39,0.975
2022-09-30,ftse100,100,91,0.91
2022-09-30,hsi,73,72,0.9863
2022-09-30,n225,225,222,0.9867
2022-09-30,smi,20,19,0.95
2022-09-30,sp500,499,469,0.9399
2022-09-30,sx5e,50,48,0.96
2022-10-31,aex,25,22,0.88
2022-10-31,all,1035,987,0.9536
2022-10-31,cac40,40,38,0.95
2022-10-31,dax,40,39,0.975
2022-10-31,ftse100,100,91,0.91
2022-10-31,hsi,73,72,0.9863
2022-10-31,n225,225,223,0.9911
2022-10-31,smi,20,19,0.95
2022-10-31,sp500,499,472,0.9459
2022-10-31,sx5e,50,48,0.96
2022-11-30,aex,25,22,0.88
2022-11-30,all,1035,988,0.9546
2022-11-30,cac40,40,38,0.95
2022-11-30,dax,40,39,0.975
2022-11-30,ftse100,100,91,0.91
2022-11-30,hsi,73,72,0.9863
2022-11-30,n225,225,223,0.9911
2022-11-30,smi,20,19,0.95
2022-11-30,sp500,499,473,0.9479
2022-11-30,sx5e,50,48,0.96
2022-12-31,aex,25,23,0.92
2022-12-31,all,1038,995,0.9586
2022-12-31,cac40,40,38,0.95
2022-12-31,dax,40,39,0.975
2022-12-31,ftse100,100,93,0.93
2022-12-31,hsi,76,75,0.9868
2022-12-31,n225,225,223,0.9911
2022-12-31,smi,20,19,0.95
2022-12-31,sp500,499,474,0.9499
2022-12-31,sx5e,50,48,0.96
2023-01-31,aex,25,23,0.92
2023-01-31,all,1038,996,0.9595
2023-01-31,cac40,40,38,0.95
2023-01-31,dax,40,39,0.975
2023-01-31,ftse100,100,94,0.94
2023-01-31,hsi,76,75,0.9868
2023-01-31,n225,225,223,0.9911
2023-01-31,smi,20,19,0.95
2023-01-31,sp500,499,474,0.9499
2023-01-31,sx5e,50,48,0.96
2023-02-28,aex,25,23,0.92
2023-02-28,all,1039,997,0.9596
2023-02-28,cac40,40,38,0.95
2023-02-28,dax,40,39,0.975
2023-02-28,ftse100,100,94,0.94
2023-02-28,hsi,76,75,0.9868
2023-02-28,n225,225,223,0.9911
2023-02-28,smi,20,19,0.95
2023-02-28,sp500,499,474,0.9499
2023-02-28,sx5e,50,48,0.96
2023-03-31,aex,25,24,0.96
2023-03-31,all,1040,1000,0.9615
2023-03-31,cac40,40,38,0.95
2023-03-31,dax,40,39,0.975
2023-03-31,ftse100,100,94,0.94
2023-03-31,hsi,76,75,0.9868
2023-03-31,n225,225,223,0.9911
2023-03-31,smi,20,19,0.95
2023-03-31,sp500,500,476,0.952
2023-03-31,sx5e,50,48,0.96
2023-04-30,aex,25,24,0.96
2023-04-30,all,1040,1001,0.9625
2023-04-30,cac40,40,39,0.975
2023-04-30,dax,40,39,0.975
2023-04-30,ftse100,100,94,0.94
2023-04-30,hsi,76,75,0.9868
2023-04-30,n225,225,223,0.9911
2023-04-30,smi,20,19,0.95
2023-04-30,sp500,500,476,0.952
2023-04-30,sx5e,50,48,0.96
2023-05-31,aex,25,25,1.0
2023-05-31,all,1040,1003,0.9644
2023-05-31,cac40,40,39,0.975
2023-05-31,dax,40,39,0.975
2023-05-31,ftse100,100,94,0.94
2023-05-31,hsi,76,75,0.9868
2023-05-31,n225,225,223,0.9911
2023-05-31,smi,20,19,0.95
2023-05-31,sp500,500,477,0.954
2023-05-31,sx5e,50,48,0.96
2023-06-30,aex,25,25,1.0
2023-06-30,all,1044,1009,0.9665
2023-06-30,cac40,40,39,0.975
2023-06-30,dax,40,39,0.975
2023-06-30,ftse100,100,94,0.94
2023-06-30,hsi,80,79,0.9875
2023-06-30,n225,225,223,0.9911
2023-06-30,smi,20,20,1.0
2023-06-30,sp500,500,478,0.956
2023-06-30,sx5e,50,48,0.96
2023-07-31,aex,25,25,1.0
2023-07-31,all,1044,1009,0.9665
2023-07-31,cac40,40,39,0.975
2023-07-31,dax,40,39,0.975
2023-07-31,ftse100,100,94,0.94
2023-07-31,hsi,80,79,0.9875
2023-07-31,n225,225,223,0.9911
2023-07-31,smi,20,20,1.0
2023-07-31,sp500,500,478,0.956
2023-07-31,sx5e,50,48,0.96
2023-08-31,aex,25,25,1.0
2023-08-31,all,1044,1009,0.9665
2023-08-31,cac40,40,39,0.975
2023-08-31,dax,40,39,0.975
2023-08-31,ftse100,100,94,0.94
2023-08-31,hsi,80,79,0.9875
2023-08-31,n225,225,223,0.9911
2023-08-31,smi,20,20,1.0
2023-08-31,sp500,500,478,0.956
2023-08-31,sx5e,50,48,0.96
2023-09-30,aex,25,25,1.0
2023-09-30,all,1044,1010,0.9674
2023-09-30,cac40,40,39,0.975
2023-09-30,dax,40,39,0.975
2023-09-30,ftse100,100,94,0.94
2023-09-30,hsi,80,79,0.9875
2023-09-30,n225,225,223,0.9911
2023-09-30,smi,20,20,1.0
2023-09-30,sp500,500,478,0.956
2023-09-30,sx5e,50,49,0.98
2023-10-31,aex,25,25,1.0
2023-10-31,all,1044,1011,0.9684
2023-10-31,cac40,40,39,0.975
2023-10-31,dax,40,39,0.975
2023-10-31,ftse100,100,94,0.94
2023-10-31,hsi,80,79,0.9875
2023-10-31,n225,225,223,0.9911
2023-10-31,smi,20,20,1.0
2023-10-31,sp500,500,479,0.958
2023-10-31,sx5e,50,49,0.98
2023-11-30,aex,25,25,1.0
2023-11-30,all,1044,1011,0.9684
2023-11-30,cac40,40,39,0.975
2023-11-30,dax,40,39,0.975
2023-11-30,ftse100,100,94,0.94
2023-11-30,hsi,80,79,0.9875
2023-11-30,n225,225,223,0.9911
2023-11-30,smi,20,20,1.0
2023-11-30,sp500,500,479,0.958
2023-11-30,sx5e,50,49,0.98
2023-12-31,aex,25,25,1.0
2023-12-31,all,1045,1015,0.9713
2023-12-31,cac40,40,39,0.975
2023-12-31,dax,40,39,0.975
2023-12-31,ftse100,100,95,0.95
2023-12-31,hsi,82,81,0.9878
2023-12-31,n225,225,223,0.9911
2023-12-31,smi,20,20,1.0
2023-12-31,sp500,500,480,0.96
2023-12-31,sx5e,50,50,1.0
2024-01-31,aex,25,25,1.0
2024-01-31,all,1045,1016,0.9722
2024-01-31,cac40,40,39,0.975
2024-01-31,dax,40,39,0.975
2024-01-31,ftse100,100,96,0.96
2024-01-31,hsi,82,81,0.9878
2024-01-31,n225,225,223,0.9911
2024-01-31,smi,20,20,1.0
2024-01-31,sp500,500,480,0.96
2024-01-31,sx5e,50,50,1.0
2024-02-29,aex,25,25,1.0
2024-02-29,all,1045,1016,0.9722
2024-02-29,cac40,40,39,0.975
2024-02-29,dax,40,39,0.975
2024-02-29,ftse100,100,96,0.96
2024-02-29,hsi,82,81,0.9878
2024-02-29,n225,225,223,0.9911
2024-02-29,smi,20,20,1.0
2024-02-29,sp500,500,480,0.96
2024-02-29,sx5e,50,50,1.0
2024-03-31,aex,25,25,1.0
2024-03-31,all,1045,1016,0.9722
2024-03-31,cac40,40,39,0.975
2024-03-31,dax,40,39,0.975
2024-03-31,ftse100,100,96,0.96
2024-03-31,hsi,82,81,0.9878
2024-03-31,n225,225,223,0.9911
2024-03-31,smi,20,20,1.0
2024-03-31,sp500,500,480,0.96
2024-03-31,sx5e,50,50,1.0
2024-04-30,aex,25,25,1.0
2024-04-30,all,1045,1016,0.9722
2024-04-30,cac40,40,39,0.975
2024-04-30,dax,40,39,0.975
2024-04-30,ftse100,100,96,0.96
2024-04-30,hsi,82,81,0.9878
2024-04-30,n225,225,223,0.9911
2024-04-30,smi,20,20,1.0
2024-04-30,sp500,500,480,0.96
2024-04-30,sx5e,50,50,1.0
2024-05-31,aex,25,25,1.0
2024-05-31,all,1045,1017,0.9732
2024-05-31,cac40,40,39,0.975
2024-05-31,dax,40,39,0.975
2024-05-31,ftse100,100,96,0.96
2024-05-31,hsi,82,81,0.9878
2024-05-31,n225,225,223,0.9911
2024-05-31,smi,20,20,1.0
2024-05-31,sp500,500,481,0.962
2024-05-31,sx5e,50,50,1.0
2024-06-30,aex,25,25,1.0
2024-06-30,all,1045,1018,0.9742
2024-06-30,cac40,40,39,0.975
2024-06-30,dax,40,39,0.975
2024-06-30,ftse100,100,96,0.96
2024-06-30,hsi,82,81,0.9878
2024-06-30,n225,225,223,0.9911
2024-06-30,smi,20,20,1.0
2024-06-30,sp500,500,482,0.964
2024-06-30,sx5e,50,50,1.0
2024-07-31,aex,25,25,1.0
2024-07-31,all,1045,1019,0.9751
2024-07-31,cac40,40,39,0.975
2024-07-31,dax,40,39,0.975
2024-07-31,ftse100,100,96,0.96
2024-07-31,hsi,82,81,0.9878
2024-07-31,n225,225,223,0.9911
2024-07-31,smi,20,20,1.0
2024-07-31,sp500,500,483,0.966
2024-07-31,sx5e,50,50,1.0
2024-08-31,aex,25,25,1.0
2024-08-31,all,1045,1019,0.9751
2024-08-31,cac40,40,39,0.975
2024-08-31,dax,40,39,0.975
2024-08-31,ftse100,100,96,0.96
2024-08-31,hsi,82,81,0.9878
2024-08-31,n225,225,223,0.9911
2024-08-31,smi,20,20,1.0
2024-08-31,sp500,500,483,0.966
2024-08-31,sx5e,50,50,1.0
2024-09-30,aex,25,25,1.0
2024-09-30,all,1046,1021,0.9761
2024-09-30,cac40,40,39,0.975
2024-09-30,dax,40,39,0.975
2024-09-30,ftse100,100,97,0.97
2024-09-30,hsi,82,81,0.9878
2024-09-30,n225,225,223,0.9911
2024-09-30,smi,20,20,1.0
2024-09-30,sp500,501,484,0.9661
2024-09-30,sx5e,50,50,1.0
2024-10-31,aex,25,25,1.0
2024-10-31,all,1045,1020,0.9761
2024-10-31,cac40,40,39,0.975
2024-10-31,dax,40,39,0.975
2024-10-31,ftse100,100,97,0.97
2024-10-31,hsi,82,81,0.9878
2024-10-31,n225,225,223,0.9911
2024-10-31,smi,20,20,1.0
2024-10-31,sp500,500,483,0.966
2024-10-31,sx5e,50,50,1.0
2024-11-30,aex,25,25,1.0
2024-11-30,all,1045,1021,0.977
2024-11-30,cac40,40,39,0.975
2024-11-30,dax,40,39,0.975
2024-11-30,ftse100,100,97,0.97
2024-11-30,hsi,82,81,0.9878
2024-11-30,n225,225,223,0.9911
2024-11-30,smi,20,20,1.0
2024-11-30,sp500,500,484,0.968
2024-11-30,sx5e,50,50,1.0
2024-12-31,aex,25,25,1.0
2024-12-31,all,1046,1024,0.979
2024-12-31,cac40,40,39,0.975
2024-12-31,dax,40,40,1.0
2024-12-31,ftse100,100,97,0.97
2024-12-31,hsi,83,82,0.988
2024-12-31,n225,225,223,0.9911
2024-12-31,smi,20,20,1.0
2024-12-31,sp500,500,485,0.97
2024-12-31,sx5e,50,50,1.0
2025-01-31,aex,25,25,1.0
2025-01-31,all,1046,1025,0.9799
2025-01-31,cac40,40,39,0.975
2025-01-31,dax,40,40,1.0
2025-01-31,ftse100,100,98,0.98
2025-01-31,hsi,83,82,0.988
2025-01-31,n225,225,223,0.9911
2025-01-31,smi,20,20,1.0
2025-01-31,sp500,500,485,0.97
2025-01-31,sx5e,50,50,1.0
2025-02-28,aex,25,25,1.0
2025-02-28,all,1046,1025,0.9799
2025-02-28,cac40,40,39,0.975
2025-02-28,dax,40,40,1.0
2025-02-28,ftse100,100,98,0.98
2025-02-28,hsi,83,82,0.988
2025-02-28,n225,225,223,0.9911
2025-02-28,smi,20,20,1.0
2025-02-28,sp500,500,485,0.97
2025-02-28,sx5e,50,50,1.0
2025-03-31,aex,25,25,1.0
2025-03-31,all,1046,1026,0.9809
2025-03-31,cac40,40,39,0.975
2025-03-31,dax,40,40,1.0
2025-03-31,ftse100,100,99,0.99
2025-03-31,hsi,83,82,0.988
2025-03-31,n225,225,223,0.9911
2025-03-31,smi,20,20,1.0
2025-03-31,sp500,500,485,0.97
2025-03-31,sx5e,50,50,1.0
2025-04-30,aex,25,25,1.0
2025-04-30,all,1046,1026,0.9809
2025-04-30,cac40,40,39,0.975
2025-04-30,dax,40,40,1.0
2025-04-30,ftse100,100,99,0.99
2025-04-30,hsi,83,82,0.988
2025-04-30,n225,225,223,0.9911
2025-04-30,smi,20,20,1.0
2025-04-30,sp500,500,485,0.97
2025-04-30,sx5e,50,50,1.0
2025-05-31,aex,25,25,1.0
2025-05-31,all,1046,1027,0.9818
2025-05-31,cac40,40,39,0.975
2025-05-31,dax,40,40,1.0
2025-05-31,ftse100,100,99,0.99
2025-05-31,hsi,83,82,0.988
2025-05-31,n225,225,223,0.9911
2025-05-31,smi,20,20,1.0
2025-05-31,sp500,500,486,0.972
2025-05-31,sx5e,50,50,1.0
2025-06-30,aex,25,25,1.0
2025-06-30,all,1049,1030,0.9819
2025-06-30,cac40,40,39,0.975
2025-06-30,dax,40,40,1.0
2025-06-30,ftse100,100,99,0.99
2025-06-30,hsi,85,84,0.9882
2025-06-30,n225,225,223,0.9911
2025-06-30,smi,21,21,1.0
2025-06-30,sp500,500,486,0.972
2025-06-30,sx5e,50,50,1.0
2025-07-31,aex,25,25,1.0
2025-07-31,all,1049,1034,0.9857
2025-07-31,cac40,40,39,0.975
2025-07-31,dax,40,40,1.0
2025-07-31,ftse100,100,99,0.99
2025-07-31,hsi,85,84,0.9882
2025-07-31,n225,225,224,0.9956
2025-07-31,smi,21,21,1.0
2025-07-31,sp500,500,489,0.978
2025-07-31,sx5e,50,50,1.0
2025-08-31,aex,25,25,1.0
2025-08-31,all,1049,1035,0.9867
2025-08-31,cac40,40,39,0.975
2025-08-31,dax,40,40,1.0
2025-08-31,ftse100,100,99,0.99
2025-08-31,hsi,85,84,0.9882
2025-08-31,n225,225,224,0.9956
2025-08-31,smi,21,21,1.0
2025-08-31,sp500,500,490,0.98
2025-08-31,sx5e,50,50,1.0
2025-09-30,aex,30,28,0.9333
2025-09-30,all,1055,1039,0.9848
2025-09-30,cac40,40,39,0.975
2025-09-30,dax,40,40,1.0
2025-09-30,ftse100,100,99,0.99
2025-09-30,hsi,88,87,0.9886
2025-09-30,n225,225,224,0.9956
2025-09-30,smi,20,20,1.0
2025-09-30,sp500,500,490,0.98
2025-09-30,sx5e,50,50,1.0
2025-10-31,aex,30,28,0.9333
2025-10-31,all,1055,1039,0.9848
2025-10-31,cac40,40,39,0.975
2025-10-31,dax,40,40,1.0
2025-10-31,ftse100,100,99,0.99
2025-10-31,hsi,88,87,0.9886
2025-10-31,n225,225,224,0.9956
2025-10-31,smi,20,20,1.0
2025-10-31,sp500,500,490,0.98
2025-10-31,sx5e,50,50,1.0
2025-11-30,aex,30,28,0.9333
2025-11-30,all,1055,1040,0.9858
2025-11-30,cac40,40,39,0.975
2025-11-30,dax,40,40,1.0
2025-11-30,ftse100,100,99,0.99
2025-11-30,hsi,88,87,0.9886
2025-11-30,n225,225,224,0.9956
2025-11-30,smi,20,20,1.0
2025-11-30,sp500,500,491,0.982
2025-11-30,sx5e,50,50,1.0
2025-12-31,aex,30,29,0.9667
2025-12-31,all,1056,1043,0.9877
2025-12-31,cac40,40,39,0.975
2025-12-31,dax,40,40,1.0
2025-12-31,ftse100,100,99,0.99
2025-12-31,hsi,89,88,0.9888
2025-12-31,n225,225,224,0.9956
2025-12-31,smi,20,20,1.0
2025-12-31,sp500,500,492,0.984
2025-12-31,sx5e,50,50,1.0
2026-01-31,aex,30,29,0.9667
2026-01-31,all,1055,1044,0.9896
2026-01-31,cac40,40,39,0.975
2026-01-31,dax,40,40,1.0
2026-01-31,ftse100,100,99,0.99
2026-01-31,hsi,88,88,1.0
2026-01-31,n225,225,224,0.9956
2026-01-31,smi,20,20,1.0
2026-01-31,sp500,500,493,0.986
2026-01-31,sx5e,50,50,1.0
2026-02-28,aex,30,29,0.9667
2026-02-28,all,1055,1046,0.9915
2026-02-28,cac40,40,39,0.975
2026-02-28,dax,40,40,1.0
2026-02-28,ftse100,100,100,1.0
2026-02-28,hsi,88,88,1.0
2026-02-28,n225,225,224,0.9956
2026-02-28,smi,20,20,1.0
2026-02-28,sp500,500,494,0.988
2026-02-28,sx5e,50,50,1.0
2026-03-31,aex,30,29,0.9667
2026-03-31,all,1057,1047,0.9905
2026-03-31,cac40,40,39,0.975
2026-03-31,dax,40,40,1.0
2026-03-31,ftse100,100,100,1.0
2026-03-31,hsi,90,90,1.0
2026-03-31,n225,225,224,0.9956
2026-03-31,smi,20,20,1.0
2026-03-31,sp500,500,493,0.986
2026-03-31,sx5e,50,50,1.0
2026-04-30,aex,29,29,1.0
2026-04-30,all,1056,1049,0.9934
2026-04-30,cac40,40,39,0.975
2026-04-30,dax,40,40,1.0
2026-04-30,ftse100,100,100,1.0
2026-04-30,hsi,90,90,1.0
2026-04-30,n225,225,225,1.0
2026-04-30,smi,20,20,1.0
2026-04-30,sp500,500,494,0.988
2026-04-30,sx5e,50,50,1.0
2026-05-31,aex,29,29,1.0
2026-05-31,all,1056,1051,0.9953
2026-05-31,cac40,40,39,0.975
2026-05-31,dax,40,40,1.0
2026-05-31,ftse100,100,100,1.0
2026-05-31,hsi,90,90,1.0
2026-05-31,n225,225,225,1.0
2026-05-31,smi,20,20,1.0
2026-05-31,sp500,500,496,0.992
2026-05-31,sx5e,50,50,1.0
2026-06-30,aex,30,30,1.0
2026-06-30,all,1060,1056,0.9962
2026-06-30,cac40,40,39,0.975
2026-06-30,dax,40,40,1.0
2026-06-30,ftse100,100,100,1.0
2026-06-30,hsi,93,93,1.0
2026-06-30,n225,225,225,1.0
2026-06-30,smi,20,20,1.0
2026-06-30,sp500,500,497,0.994
2026-06-30,sx5e,50,50,1.0
2026-07-31,aex,30,30,1.0
2026-07-31,all,1060,1056,0.9962
2026-07-31,cac40,40,39,0.975
2026-07-31,dax,40,40,1.0
2026-07-31,ftse100,100,100,1.0
2026-07-31,hsi,93,93,1.0
2026-07-31,n225,225,225,1.0
2026-07-31,smi,20,20,1.0
2026-07-31,sp500,500,497,0.994
2026-07-31,sx5e,50,50,1.0
2026-08-31,aex,30,30,1.0
2026-08-31,all,1060,1059,0.9991
2026-08-31,cac40,40,39,0.975
2026-08-31,dax,40,40,1.0
2026-08-31,ftse100,100,100,1.0
2026-08-31,hsi,93,93,1.0
2026-08-31,n225,225,225,1.0
2026-08-31,smi,20,20,1.0
2026-08-31,sp500,500,500,1.0
2026-08-31,sx5e,50,50,1.0
