index,id,start,end
aex,AALB_AS,2015-03-23,2020-03-23
aex,AALB_AS,2026-06-22,
aex,ABN_AS,2016-03-21,2021-03-22
aex,ABN_AS,2023-03-20,
aex,ADYEN_AS,2019-03-18,
aex,AD_AS,2009-01-01,
aex,AF_PA,2009-03-23,2014-03-24
aex,AGN_AS,2009-01-01,
aex,AKZA_AS,2009-01-01,
aex,APAM_AS,2011-01-31,2013-06-24
aex,ASML_AS,2009-01-01,
aex,ASM_AS,2020-03-23,
aex,ASRNL_AS,2018-03-19,2021-12-20
aex,ASRNL_AS,2023-03-20,
aex,ATC_AS,2014-12-22,2019-03-18
aex,BAMNB_AS,2009-01-01,2011-03-21
aex,BESI_AS,2021-03-22,
aex,BOKA_AS,2009-03-23,2013-03-18
aex,BOKA_AS,2014-03-24,2018-03-19
aex,CORA_AS,2009-01-01,2015-03-23
aex,CVC_AS,2025-09-22,
aex,DE_AS,2012-09-24,2013-09-23
aex,DL_AS,2014-03-24,2016-03-21
aex,DSFIR_AS,2023-05-08,
aex,DSM_AS,2009-01-01,2023-05-08
aex,EXO_AS,2022-12-19,
aex,FORA_AS,2009-01-01,2009-03-23
aex,FUR_AS,2009-01-01,2015-03-23
aex,GLPG_AS,2016-06-20,2021-03-22
aex,GTO_AS,2013-06-24,2019-03-29
aex,HEIA_AS,2009-01-01,
aex,IMCD_AS,2019-03-18,
aex,IM_AS,2013-03-18,2014-03-24
aex,INGA_AS,2009-01-01,
aex,INPST_AS,2025-09-22,
aex,JDEP_AS,2025-09-22,2026-04-30
aex,KPN_AS,2009-01-01,
aex,LIGHT_AS,2018-03-19,2019-03-18
aex,LIGHT_AS,2021-03-22,2023-03-20
aex,MICC_AS,2025-12-08,
aex,MT_AS,2009-01-01,
aex,NN_AS,2015-03-23,
aex,OCI_AS,2014-03-24,2016-03-21
aex,PHIA_AS,2009-01-01,
aex,PNL_AS,2009-01-01,2014-03-24
aex,PRX_AS,2019-09-23,
aex,RAND_AS,2009-01-01,2026-03-23
aex,REN_AS,2009-01-01,
aex,SBMO_AS,2009-01-01,2015-03-23
aex,SBMO_AS,2016-03-21,2018-03-19
aex,SBMO_AS,2026-03-23,
aex,SHELL_AS,2009-01-01,
aex,TKWY_AS,2019-06-11,2019-09-23
aex,TKWY_AS,2020-03-23,2022-12-19
aex,TKWY_AS,2025-09-22,2025-12-08
aex,TNTE_AS,2011-05-26,2016-06-20
aex,TOM2_AS,2009-01-01,2012-09-24
aex,UMG_AS,2021-12-20,
aex,UNA_AS,2009-01-01,
aex,URW_AS,2009-01-01,2023-03-20
aex,USG_AS,2009-01-01,2009-03-23
aex,VPK_AS,2015-03-23,2020-03-23
aex,WDP_BR,2025-09-22,
aex,WHA_AS,2009-01-01,2011-06-20
aex,WKL_AS,2009-01-01,
aex,ZIGGO_AS,2013-09-23,2014-12-22
cac40,ACA_PA,2009-01-01,
cac40,AC_PA,2009-01-01,2020-09-21
cac40,AC_PA,2024-03-18,
cac40,AF_PA,2009-01-01,2009-09-21
cac40,AIR_PA,2009-01-01,
cac40,AI_PA,2009-01-01,
cac40,ALO_PA,2009-01-01,2016-03-21
cac40,ALO_PA,2020-09-21,2024-03-18
cac40,ALU_PA,2009-01-01,2012-12-24
cac40,ALU_PA,2013-12-23,2016-01-07
cac40,ATO_PA,2017-03-20,2021-09-17
cac40,BNP_PA,2009-01-01,
cac40,BN_PA,2009-01-01,
cac40,BVI_PA,2024-12-23,
cac40,CAP_PA,2009-01-01,
cac40,CA_PA,2009-01-01,
cac40,CS_PA,2009-01-01,
cac40,DEXB_BR,2009-01-01,2010-09-20
cac40,DG_PA,2009-01-01,
cac40,DSY_PA,2018-09-24,
cac40,EDEN_PA,2023-06-19,2025-12-22
cac40,EDF_PA,2009-01-01,2015-12-21
cac40,EL_PA,2009-01-01,
cac40,ENGI_PA,2009-01-01,
cac40,ENX_PA,2025-09-22,
cac40,EN_PA,2009-01-01,
cac40,ERF_PA,2021-09-17,
cac40,FGR_PA,2025-12-22,
cac40,FR_PA,2014-06-23,2019-06-24
cac40,GLE_PA,2009-01-01,
cac40,GTO_AS,2012-12-24,2015-03-23
cac40,HOLN_SW,2009-01-01,2018-06-18
cac40,HO_PA,2019-06-24,
cac40,KER_PA,2009-01-01,
cac40,KN_PA,2010-09-20,2011-09-19
cac40,LI_PA,2015-12-21,2017-03-20
cac40,LR_PA,2011-12-19,
cac40,MC_PA,2009-01-01,
cac40,ML_PA,2009-01-01,
cac40,MMB_PA,2009-01-01,2010-09-20
cac40,MT_PA,2009-01-01,
cac40,NOKIA_HE,2016-01-07,2017-09-18
cac40,ORA_PA,2009-01-01,
cac40,OR_PA,2009-01-01,
cac40,PUB_PA,2010-09-20,
cac40,RI_PA,2009-01-01,
cac40,RMS_PA,2018-06-18,
cac40,RNO_PA,2009-01-01,
cac40,SAF_PA,2011-09-19,
cac40,SAN_PA,2009-01-01,
cac40,SEV_PA,2009-01-01,2011-12-19
cac40,SGO_PA,2009-01-01,
cac40,SOLB_BR,2012-09-24,2018-09-24
cac40,STLAP_PA,2021-01-18,
cac40,STMPA_PA,2009-01-01,2013-12-23
cac40,STMPA_PA,2017-09-18,
cac40,SU_PA,2009-01-01,
cac40,SW_PA,2016-03-21,2020-06-22
cac40,TEC_PA,2009-09-21,2020-03-23
cac40,TEP_PA,2020-06-22,2025-09-22
cac40,TTE_PA,2009-01-01,
cac40,UG_PA,2009-01-01,2012-09-24
cac40,UG_PA,2015-03-23,2021-01-18
cac40,URW_PA,2009-01-01,
cac40,VIE_PA,2009-01-01,
cac40,VIV_PA,2009-01-01,2023-06-19
cac40,VIV_PA,2023-12-18,2024-12-23
cac40,VK_PA,2009-01-01,2014-06-23
cac40,WLN_PA,2020-03-23,2023-12-18
dax,1COV_DE,2018-03-19,2024-12-23
dax,ADS_DE,2009-01-01,
dax,AIR_PA,2021-09-20,
dax,ALV_DE,2009-01-01,
dax,BAS_DE,2009-01-01,
dax,BAYN_DE,2009-01-01,
dax,BEI_DE,2009-01-01,2021-03-22
dax,BEI_DE,2021-10-29,2022-03-21
dax,BEI_DE,2022-06-20,
dax,BMW_DE,2009-01-01,
dax,BNR_DE,2021-09-20,
dax,CBK_DE,2009-01-01,2018-09-24
dax,CBK_DE,2023-02-27,
dax,CEC_DE,2009-01-01,2012-09-24
dax,CON_DE,2012-09-24,
dax,DB1_DE,2009-01-01,
dax,DBK_DE,2009-01-01,
dax,DHER_DE,2020-08-24,2022-06-20
dax,DHL_DE,2009-01-01,
dax,DPB_DE,2009-01-01,2009-03-23
dax,DTE_DE,2009-01-01,
dax,DTG_DE,2022-03-21,
dax,DWNI_DE,2020-06-22,2021-10-29
dax,ENR_DE,2021-03-22,2022-03-21
dax,ENR_DE,2022-09-19,
dax,EOAN_DE,2009-01-01,
dax,FME_DE,2009-01-01,2023-03-20
dax,FME_DE,2024-12-23,
dax,FRE_DE,2009-03-23,
dax,G1A_DE,2025-09-22,
dax,G24_DE,2025-09-22,
dax,HEI_DE,2010-06-21,
dax,HEN3_DE,2009-01-01,
dax,HFG_DE,2021-09-20,2022-09-19
dax,HNR1_DE,2009-03-23,2009-09-21
dax,HNR1_DE,2022-03-21,
dax,IFX_DE,2009-01-01,2009-03-23
dax,IFX_DE,2009-09-21,
dax,LHA_DE,2009-01-01,2020-06-22
dax,LIN_DE,2009-01-01,2023-02-27
dax,LXS_DE,2012-09-24,2015-09-21
dax,MAN_DE,2009-01-01,2012-09-24
dax,MBG_DE,2009-01-01,
dax,MRK_DE,2009-01-01,
dax,MTX_DE,2019-09-23,
dax,MUV2_DE,2009-01-01,
dax,P911_DE,2022-12-19,2025-09-22
dax,PAH3_DE,2021-09-20,
dax,PSM_DE,2016-03-21,2018-03-19
dax,PUM_DE,2021-09-20,2022-12-19
dax,QIA_DE,2021-09-20,
dax,RHM_DE,2023-03-20,
dax,RWE_DE,2009-01-01,
dax,SAP_DE,2009-01-01,
dax,SDF_DE,2009-01-01,2016-03-21
dax,SHL_DE,2021-09-20,
dax,SIE_DE,2009-01-01,
dax,SRT3_DE,2021-09-20,2025-09-22
dax,SY1_DE,2021-09-20,
dax,SZG_DE,2009-01-01,2010-06-21
dax,TKA_DE,2009-01-01,2019-09-23
dax,VNA_DE,2015-09-21,
dax,VOW3_DE,2009-01-01,
dax,WDI_DE,2018-09-24,2020-08-24
dax,ZAL_DE,2021-09-20,
ftse100,AAF_UK,2022-01-27,
ftse100,AAL_UK,2009-01-01,
ftse100,ABDN_UK,2009-01-01,2022-09-19
ftse100,ABDN_UK,2022-12-19,2023-09-18
ftse100,ABDN_UK,2026-06-22,
ftse100,ABF_UK,2009-01-01,
ftse100,ACA_UK,2010-06-21,2011-03-21
ftse100,ADM_UK,2009-01-01,
ftse100,ADN_UK,2012-03-19,2016-03-21
ftse100,AGK_UK,2009-12-21,2015-06-22
ftse100,AHT_UK,2013-12-23,2026-02-27
ftse100,ALW_UK,2009-01-01,2011-03-21
ftse100,ALW_UK,2024-12-23,
ftse100,AMFW_UK,2009-01-01,2014-03-24
ftse100,ANTO_UK,2009-01-01,
ftse100,ARM_UK,2010-02-10,2016-09-19
ftse100,ASHM_UK,2011-09-19,2012-09-24
ftse100,AUTO_UK,2018-12-24,
ftse100,AU_UK,2009-01-01,2011-10-18
ftse100,AVST_UK,2020-06-22,2022-09-19
ftse100,AVV_UK,2019-06-24,2023-01-18
ftse100,AV_UK,2009-01-01,
ftse100,AZN_UK,2009-01-01,
ftse100,BAB_UK,2012-06-18,2017-12-18
ftse100,BAB_UK,2025-03-24,
ftse100,BARC_UK,2009-01-01,
ftse100,BATS_UK,2009-01-01,
ftse100,BA_UK,2009-01-01,
ftse100,BBOX_UK,2026-02-27,
ftse100,BBY_UK,2009-01-17,2009-09-21
ftse100,BEZ_UK,2022-12-19,
ftse100,BGEO_UK,2026-03-23,
ftse100,BG_UK,2009-01-01,2016-02-15
ftse100,BHP_UK,2009-01-01,2022-01-27
ftse100,BKG_UK,2015-09-21,2016-09-19
ftse100,BKG_UK,2017-09-18,2026-06-22
ftse100,BLND_UK,2009-01-01,2023-06-19
ftse100,BLND_UK,2024-09-23,2025-03-24
ftse100,BLND_UK,2025-12-22,
ftse100,BME_UK,2020-09-21,2024-12-23
ftse100,BNZL_UK,2009-01-01,2011-03-21
ftse100,BNZL_UK,2011-09-19,
ftse100,BP_UK,2009-01-01,
ftse100,BRBY_UK,2009-09-21,2024-09-23
ftse100,BRBY_UK,2025-09-22,
ftse100,BT-A_UK,2009-01-01,
ftse100,BTRW_UK,2014-03-24,2014-09-22
ftse100,BTRW_UK,2014-12-22,
ftse100,CBRY_UK,2009-01-01,2010-02-10
ftse100,CCC_UK,2026-06-22,
ftse100,CCEP_UK,2025-03-24,
ftse100,CCH_UK,2013-09-23,
ftse100,CCL_UK,2009-01-01,2020-06-22
ftse100,CNA_UK,2009-01-01,2020-06-22
ftse100,CNA_UK,2022-06-20,
ftse100,CNE_UK,2009-01-01,2012-03-19
ftse100,COB_UK,2009-01-01,2010-12-20
ftse100,CPG_UK,2009-01-01,
ftse100,CPI_UK,2009-01-01,2017-03-20
ftse100,CRDA_UK,2012-03-19,2013-12-23
ftse100,CRDA_UK,2016-09-19,
ftse100,CRH_UK,2011-12-19,2023-09-18
ftse100,CTEC_UK,2016-12-19,2017-12-18
ftse100,CTEC_UK,2022-09-19,
ftse100,CURY_UK,2014-09-22,2017-03-20
ftse100,CWC_UK,2009-01-01,2010-03-22
ftse100,CWW_UK,2010-03-22,2010-09-20
ftse100,DARK_UK,2021-10-26,2021-12-20
ftse100,DARK_UK,2024-06-24,2024-09-23
ftse100,DCC_UK,2015-12-21,
ftse100,DGE_UK,2009-01-01,
ftse100,DLG_UK,2014-09-22,2019-09-23
ftse100,DPH_UK,2021-12-20,2022-12-19
ftse100,DPH_UK,2023-09-18,2024-01-15
ftse100,DPLM_UK,2023-09-18,
ftse100,DRX_UK,2009-01-01,2009-06-22
ftse100,EDV_UK,2022-03-21,2024-03-18
ftse100,EDV_UK,2024-06-24,
ftse100,EMG_UK,2009-01-01,2012-06-18
ftse100,ENRC_UK,2009-01-01,2013-09-23
ftse100,ENT_UK,2018-06-18,2019-03-18
ftse100,ENT_UK,2020-06-22,2026-09-21
ftse100,ESSR_UK,2010-06-21,2012-03-19
ftse100,EVR_UK,2011-12-19,2013-06-24
ftse100,EVR_UK,2018-01-17,2022-03-21
ftse100,EXPN_UK,2009-01-01,
ftse100,EZJ_UK,2013-03-18,2019-06-24
ftse100,EZJ_UK,2019-12-23,2020-06-22
ftse100,EZJ_UK,2024-03-18,2026-03-23
ftse100,EZJ_UK,2026-09-21,
ftse100,FCIT_UK,2009-03-23,2009-09-21
ftse100,FCIT_UK,2022-09-19,
ftse100,FERG_UK,2009-01-01,2009-03-23
ftse100,FERG_UK,2009-06-22,2022-05-13
ftse100,FGP_UK,2009-01-01,2009-03-23
ftse100,FLG_UK,2009-11-08,2010-03-22
ftse100,FLG_UK,2010-09-20,2015-04-15
ftse100,FLTR_UK,2016-03-21,2024-05-30
ftse100,FP_UK,2009-01-01,2009-11-08
ftse100,FRAS_UK,2013-09-23,2016-03-21
ftse100,FRAS_UK,2022-09-19,2024-12-23
ftse100,FRES_UK,2009-03-23,2019-12-23
ftse100,FRES_UK,2020-03-23,
ftse100,GAW_UK,2024-12-23,
ftse100,GFS_UK,2009-01-01,2015-12-21
ftse100,GFS_UK,2017-06-19,2018-06-18
ftse100,GKN_UK,2010-09-20,2018-05-05
ftse100,GLEN_UK,2011-05-25,
ftse100,GSK_UK,2009-01-01,
ftse100,HBOS_UK,2009-01-01,2009-01-17
ftse100,HBR_UK,2022-05-13,2022-07-18
ftse100,HBR_UK,2022-09-19,2022-12-19
ftse100,HIK_UK,2015-03-23,2016-03-21
ftse100,HIK_UK,2016-06-20,2017-06-19
ftse100,HIK_UK,2019-01-24,2019-06-24
ftse100,HIK_UK,2019-09-23,2022-09-19
ftse100,HIK_UK,2023-09-18,2026-03-23
ftse100,HLMA_UK,2017-12-18,
ftse100,HLN_UK,2022-07-18,
ftse100,HL_UK,2011-03-21,2023-12-18
ftse100,HL_UK,2024-05-30,2025-03-24
ftse100,HMSO_UK,2009-01-01,2018-03-19
ftse100,HSBA_UK,2009-01-01,
ftse100,HSV_UK,2020-06-22,2020-12-21
ftse100,HSV_UK,2022-09-19,2022-12-19
ftse100,HSX_UK,2018-12-24,2019-12-23
ftse100,HSX_UK,2023-01-18,2023-09-18
ftse100,HSX_UK,2024-09-23,
ftse100,HWDN_UK,2022-03-21,2022-09-19
ftse100,HWDN_UK,2023-09-18,
ftse100,IAG_UK,2011-01-24,
ftse100,IAP_UK,2009-01-01,2012-09-24
ftse100,ICG_UK,2020-03-23,2022-12-19
ftse100,ICG_UK,2023-12-18,
ftse100,IDS_UK,2013-12-23,2017-09-18
ftse100,IDS_UK,2018-03-19,2018-12-24
ftse100,IDS_UK,2021-05-28,2022-06-20
ftse100,IGG_UK,2026-03-23,
ftse100,IHG_UK,2009-01-01,
ftse100,III_UK,2009-01-01,2009-03-23
ftse100,III_UK,2009-06-22,2011-09-19
ftse100,III_UK,2014-06-23,
ftse100,IMB_UK,2009-01-01,
ftse100,IMI_UK,2010-12-20,2014-12-22
ftse100,IMI_UK,2023-06-19,
ftse100,INF_UK,2016-03-21,
ftse100,INTU_UK,2009-01-01,2013-03-18
ftse100,INTU_UK,2014-06-23,2017-06-19
ftse100,INVP_UK,2010-03-22,2011-12-19
ftse100,INVP_UK,2026-06-22,
ftse100,IPR_UK,2009-01-01,2012-08-20
ftse100,ISAT_UK,2009-01-01,2011-12-19
ftse100,ISAT_UK,2015-06-22,2016-06-20
ftse100,ISYS_UK,2009-01-01,2011-05-25
ftse100,ITH_UK,2026-09-21,
ftse100,ITRK_UK,2009-03-23,
ftse100,ITV_UK,2011-03-21,2020-09-21
ftse100,ITV_UK,2021-06-21,2022-06-20
ftse100,JD_UK,2019-06-24,
ftse100,JET_UK,2020-02-29,2021-09-20
ftse100,JE_UK,2017-12-18,2018-12-24
ftse100,JE_UK,2019-03-18,2019-10-21
ftse100,JE_UK,2019-12-23,2020-02-29
ftse100,JMAT_UK,2009-01-01,2021-12-20
ftse100,JMAT_UK,2022-12-19,2023-09-18
ftse100,KAZ_UK,2009-01-01,2013-03-18
ftse100,KGF_UK,2009-01-01,2020-03-23
ftse100,KGF_UK,2020-06-22,
ftse100,LAND_UK,2009-01-01,
ftse100,LGEN_UK,2009-01-01,
ftse100,LLOY_UK,2009-01-01,
ftse100,LMI_UK,2009-03-23,2011-12-19
ftse100,LMP_UK,2024-06-24,
ftse100,LSEG_UK,2009-01-01,2009-03-23
ftse100,LSEG_UK,2009-06-22,2010-06-21
ftse100,LSEG_UK,2013-03-18,
ftse100,MCRO_UK,2016-09-19,2019-09-23
ftse100,MDC_UK,2016-03-21,2018-06-18
ftse100,MERL_UK,2015-04-15,2017-12-18
ftse100,MGGT_UK,2011-10-18,2015-12-21
ftse100,MGGT_UK,2019-09-23,2020-06-22
ftse100,MGGT_UK,2021-09-20,2022-09-19
ftse100,MKS_UK,2009-01-01,2019-09-23
ftse100,MKS_UK,2023-09-18,
ftse100,MNDI_UK,2013-09-23,2026-06-22
ftse100,MNG_UK,2019-10-21,
ftse100,MRO_UK,2012-09-24,2014-06-23
ftse100,MRO_UK,2018-05-05,
ftse100,MRW_UK,2009-01-01,2015-12-21
ftse100,MRW_UK,2016-03-21,2021-03-22
ftse100,MRW_UK,2021-09-20,2021-10-26
ftse100,MTLN_UK,2025-09-22,
ftse100,NG_UK,2009-01-01,
ftse100,NMC_UK,2017-09-18,2020-03-23
ftse100,NWG_UK,2009-01-01,
ftse100,NXT_UK,2009-01-01,
ftse100,OCDO_UK,2018-06-18,2024-06-24
ftse100,OML_UK,2009-01-01,2018-06-18
ftse100,PCT_UK,2025-01-31,
ftse100,PFC_UK,2009-03-23,2014-12-22
ftse100,PFG_UK,2015-12-21,2017-09-18
ftse100,PNN_UK,2009-01-01,2009-09-21
ftse100,PNN_UK,2012-08-20,2012-12-24
ftse100,PNN_UK,2020-03-23,2021-03-22
ftse100,POLY_UK,2011-12-19,2013-06-24
ftse100,POLY_UK,2016-09-19,2016-12-19
ftse100,POLY_UK,2019-09-23,2022-03-21
ftse100,PRU_UK,2009-01-01,
ftse100,PSH_UK,2020-12-21,
ftse100,PSN_UK,2013-06-24,2023-09-18
ftse100,PSN_UK,2024-01-15,2026-09-21
ftse100,PSON_UK,2009-01-01,
ftse100,REL_UK,2009-01-01,
ftse100,REX_UK,2009-01-01,2014-09-22
ftse100,REX_UK,2016-02-15,2016-07-16
ftse100,RIO_UK,2009-01-01,
ftse100,RKT_UK,2009-01-01,
ftse100,RMV_UK,2018-06-18,2026-06-22
ftse100,RRS_UK,2009-01-01,2018-12-24
ftse100,RR_UK,2009-01-01,
ftse100,RS1_UK,2021-12-20,2024-06-24
ftse100,RSA_UK,2009-01-01,2021-05-28
ftse100,RSW_UK,2021-03-22,2021-06-21
ftse100,RTO_UK,2009-09-21,2009-12-21
ftse100,RTO_UK,2017-03-20,
ftse100,SAB_UK,2009-01-01,2016-09-19
ftse100,SBRY_UK,2009-01-01,
ftse100,SDLF_UK,2019-03-18,
ftse100,SDR_UK,2009-01-01,
ftse100,SGE_UK,2009-01-01,
ftse100,SGRO_UK,2009-09-21,2010-09-20
ftse100,SGRO_UK,2017-06-19,
ftse100,SHEL_UK,2009-01-01,
ftse100,SHP_UK,2009-01-01,2019-01-24
ftse100,SKG_UK,2016-12-19,2024-06-24
ftse100,SKY_UK,2009-01-01,2018-09-24
ftse100,SMDS_UK,2017-12-18,2025-01-31
ftse100,SMIN_UK,2009-01-01,2016-03-21
ftse100,SMIN_UK,2016-07-16,
ftse100,SMT_UK,2017-03-20,
ftse100,SN_UK,2009-01-01,
ftse100,SPX_UK,2018-12-24,
ftse100,SRP_UK,2009-01-01,2013-09-23
ftse100,SSE_UK,2009-01-01,
ftse100,STAN_UK,2009-01-01,
ftse100,STJ_UK,2014-03-24,2024-06-24
ftse100,STJ_UK,2024-12-23,
ftse100,SVT_UK,2009-01-01,
ftse100,TATE_UK,2009-01-01,2009-03-23
ftse100,TATE_UK,2011-06-20,2014-03-24
ftse100,TCG_UK,2009-01-01,2010-06-21
ftse100,TLW_UK,2009-01-01,2015-03-23
ftse100,TPK_UK,2013-06-24,2016-12-19
ftse100,TRIL_UK,2009-01-01,2009-09-21
ftse100,TSCO_UK,2009-01-01,
ftse100,TT_UK,2009-01-01,2011-06-20
ftse100,TT_UK,2012-12-24,2014-12-22
ftse100,TUI_UK,2014-12-22,2020-03-23
ftse100,TW_UK,2014-12-22,2025-09-22
ftse100,ULVR_UK,2009-01-01,
ftse100,UTG_UK,2022-06-20,2025-09-22
ftse100,UU_UK,2009-01-01,
ftse100,VED_UK,2009-01-01,2013-12-23
ftse100,VOD_UK,2009-01-01,
ftse100,VTY_UK,2024-06-24,2024-12-23
ftse100,WEIR_UK,2010-09-20,2015-09-21
ftse100,WEIR_UK,2021-03-22,2021-09-20
ftse100,WEIR_UK,2022-12-19,
ftse100,WG_UK,2011-03-21,2011-09-19
ftse100,WG_UK,2012-09-24,2013-09-23
ftse100,WG_UK,2018-09-24,2019-03-18
ftse100,WMH_UK,2013-05-03,2014-06-23
ftse100,WPG_UK,2015-12-21,2018-01-17
ftse100,WPP_UK,2009-01-01,2025-12-22
ftse100,WTB_UK,2009-01-01,2009-06-22
ftse100,WTB_UK,2009-09-21,
ftse100,XTA_UK,2009-01-01,2013-05-03
hsi,0001_HK,2009-01-01,
hsi,0002_HK,2009-01-01,
hsi,0003_HK,2009-01-01,
hsi,0004_HK,2009-01-01,2018-03-05
hsi,0005_HK,2009-01-01,
hsi,0006_HK,2009-01-01,
hsi,0011_HK,2009-01-01,2026-01-15
hsi,0012_HK,2009-01-01,
hsi,0013_HK,2009-01-01,2015-05-27
hsi,0016_HK,2009-01-01,
hsi,0017_HK,2009-01-01,2024-12-09
hsi,0019_HK,2009-01-01,2020-12-07
hsi,0023_HK,2009-01-01,2018-09-10
hsi,0027_HK,2013-06-17,
hsi,0066_HK,2009-01-01,
hsi,0083_HK,2009-01-01,2020-09-07
hsi,0101_HK,2009-01-01,
hsi,0135_HK,2012-12-12,2017-12-02
hsi,0144_HK,2009-01-01,2018-09-10
hsi,0151_HK,2011-12-05,2020-09-07
hsi,0175_HK,2017-03-06,
hsi,0241_HK,2021-03-15,
hsi,0267_HK,2009-01-01,
hsi,0285_HK,2024-06-11,
hsi,0288_HK,2017-09-04,
hsi,0291_HK,2009-01-01,2016-03-14
hsi,0291_HK,2021-12-06,
hsi,0293_HK,2009-01-01,2017-12-02
hsi,0300_HK,2025-06-09,
hsi,0316_HK,2022-06-13,
hsi,0322_HK,2011-12-05,2016-09-05
hsi,0322_HK,2022-12-05,
hsi,0330_HK,2009-01-01,2013-06-17
hsi,0386_HK,2009-01-01,
hsi,0388_HK,2009-01-01,
hsi,0494_HK,2009-01-01,2017-03-06
hsi,0551_HK,2009-01-01,2009-06-08
hsi,0669_HK,2019-03-11,
hsi,0688_HK,2009-01-01,
hsi,0700_HK,2009-01-01,
hsi,0728_HK,2025-09-08,
hsi,0762_HK,2009-01-01,
hsi,0823_HK,2014-12-08,
hsi,0836_HK,2009-06-08,2019-03-11
hsi,0836_HK,2023-06-05,
hsi,0857_HK,2009-01-01,
hsi,0868_HK,2021-09-06,
hsi,0881_HK,2022-06-13,2026-03-09
hsi,0883_HK,2009-01-01,
hsi,0939_HK,2009-01-01,
hsi,0941_HK,2009-01-01,
hsi,0960_HK,2021-03-15,
hsi,0968_HK,2021-06-07,
hsi,0981_HK,2022-06-13,
hsi,0992_HK,2013-03-04,2018-06-04
hsi,0992_HK,2022-03-07,
hsi,1024_HK,2024-12-09,
hsi,1038_HK,2016-03-14,
hsi,1044_HK,2011-06-07,
hsi,1088_HK,2009-01-01,2020-09-07
hsi,1088_HK,2022-09-05,
hsi,1093_HK,2018-06-04,
hsi,1099_HK,2023-09-04,
hsi,1109_HK,2010-03-08,
hsi,1113_HK,2015-06-03,
hsi,1177_HK,2018-09-10,
hsi,1199_HK,2009-01-01,2014-12-08
hsi,1209_HK,2022-12-05,
hsi,1211_HK,2021-06-07,
hsi,1299_HK,2011-06-07,
hsi,1378_HK,2022-06-13,
hsi,1398_HK,2009-01-01,
hsi,1519_HK,2026-06-08,
hsi,1801_HK,2025-12-08,
hsi,1810_HK,2020-09-07,
hsi,1876_HK,2020-12-07,
hsi,1898_HK,2010-09-06,2014-03-10
hsi,1928_HK,2012-05-10,
hsi,1929_HK,2022-09-05,
hsi,1997_HK,2017-11-23,
hsi,2007_HK,2017-12-02,2023-09-04
hsi,2015_HK,2023-12-04,
hsi,2018_HK,2016-09-05,2022-06-13
hsi,2020_HK,2020-12-07,
hsi,2038_HK,2009-01-01,2011-06-07
hsi,2057_HK,2025-06-09,
hsi,2269_HK,2020-09-07,
hsi,2313_HK,2018-09-10,
hsi,2318_HK,2009-01-01,
hsi,2319_HK,2014-03-10,
hsi,2331_HK,2021-09-06,
hsi,2359_HK,2023-12-04,
hsi,2382_HK,2017-12-02,
hsi,2388_HK,2009-01-01,
hsi,2600_HK,2009-01-01,2013-03-04
hsi,2600_HK,2026-06-08,
hsi,2618_HK,2025-09-08,
hsi,2628_HK,2009-01-01,
hsi,2688_HK,2021-12-06,
hsi,2899_HK,2023-06-05,
hsi,3328_HK,2009-01-01,2021-09-06
hsi,3690_HK,2020-12-07,
hsi,3692_HK,2022-09-05,
hsi,3750_HK,2026-03-09,
hsi,3968_HK,2021-09-06,
hsi,3988_HK,2009-01-01,
hsi,3993_HK,2026-03-09,
hsi,6098_HK,2021-06-07,2024-06-11
hsi,6160_HK,2026-06-08,
hsi,6181_HK,2026-03-09,
hsi,6618_HK,2023-06-05,
hsi,6690_HK,2022-12-05,
hsi,6862_HK,2021-03-15,
hsi,9618_HK,2021-12-06,
hsi,9633_HK,2022-03-07,
hsi,9888_HK,2022-09-05,
hsi,9901_HK,2024-12-09,
hsi,9961_HK,2023-06-05,
hsi,9988_HK,2020-09-07,
hsi,9992_HK,2025-09-08,
hsi,9999_HK,2021-12-06,
n225,1332_JP,2009-01-01,
n225,1333_JP,2014-04-06,2022-10-03
n225,1334_JP,2009-04-02,2014-04-06
n225,1605_JP,2009-01-01,
n225,1721_JP,2009-01-01,
n225,1801_JP,2009-01-01,
n225,1802_JP,2009-01-01,
n225,1803_JP,2009-01-01,
n225,1808_JP,2015-10-01,
n225,1812_JP,2009-01-01,
n225,1925_JP,2009-01-01,
n225,1928_JP,2009-01-01,
n225,1963_JP,2009-01-01,
n225,2002_JP,2009-01-01,
n225,2202_JP,2009-01-01,2009-04-02
n225,2261_JP,2009-01-01,2009-04-02
n225,2269_JP,2009-04-02,
n225,2282_JP,2009-01-01,
n225,2413_JP,2019-10-01,
n225,2432_JP,2015-10-01,
n225,2501_JP,2009-01-01,
n225,2502_JP,2009-01-01,
n225,2503_JP,2009-01-01,
n225,2531_JP,2009-01-01,2024-04-01
n225,2768_JP,2009-01-01,
n225,2801_JP,2009-01-01,
n225,2802_JP,2009-01-01,
n225,285A_JP,2026-04-01,
n225,2871_JP,2009-01-01,
n225,2914_JP,2009-01-01,
n225,3086_JP,2009-01-01,
n225,3092_JP,2024-04-01,
n225,3099_JP,2009-01-01,
n225,3101_JP,2009-01-01,2023-04-03
n225,3103_JP,2009-01-01,2022-10-03
n225,3105_JP,2009-01-01,2021-10-01
n225,3110_JP,2009-01-01,2015-10-01
n225,3289_JP,2013-10-06,
n225,3382_JP,2009-01-01,
n225,3401_JP,2009-01-01,
n225,3402_JP,2009-01-01,
n225,3404_JP,2009-01-01,2010-10-02
n225,3405_JP,2009-01-01,
n225,3407_JP,2009-01-01,
n225,3436_JP,2009-01-01,
n225,3659_JP,2020-10-01,
n225,3697_JP,2025-10-01,
n225,3861_JP,2009-01-01,
n225,3863_JP,2013-04-09,2024-10-01
n225,3864_JP,2009-01-01,2013-10-01
n225,3865_JP,2009-01-01,2017-10-02
n225,3893_JP,2009-01-01,2013-04-09
n225,4004_JP,2009-01-01,
n225,4005_JP,2009-01-01,
n225,4021_JP,2009-01-01,
n225,4041_JP,2009-01-01,2016-10-03
n225,4042_JP,2009-01-01,
n225,4043_JP,2012-10-01,
n225,4061_JP,2009-01-01,
n225,4062_JP,2025-11-04,
n225,4063_JP,2009-01-01,
n225,4151_JP,2009-01-01,
n225,4183_JP,2009-01-01,
n225,4188_JP,2009-01-01,
n225,4208_JP,2009-01-01,
n225,4272_JP,2009-01-01,2020-10-01
n225,4307_JP,2024-10-01,
n225,4324_JP,2009-01-01,
n225,4385_JP,2023-10-02,
n225,4452_JP,2009-01-01,
n225,4502_JP,2009-01-01,
n225,4503_JP,2009-01-01,
n225,4506_JP,2009-01-01,
n225,4507_JP,2009-01-01,
n225,4519_JP,2009-01-01,
n225,4523_JP,2009-01-01,
n225,4543_JP,2009-01-01,
n225,4568_JP,2009-01-01,
n225,4578_JP,2017-01-23,
n225,4631_JP,2019-01-12,2024-10-01
n225,4661_JP,2023-04-03,
n225,4689_JP,2009-01-01,
n225,4704_JP,2009-01-01,
n225,4751_JP,2019-01-12,
n225,4755_JP,2016-10-03,
n225,4901_JP,2009-01-01,
n225,4902_JP,2009-01-01,
n225,4911_JP,2009-01-01,
n225,5001_JP,2009-01-01,2010-04-01
n225,5002_JP,2009-01-01,2019-03-26
n225,5016_JP,2009-01-01,2010-04-01
n225,5019_JP,2019-03-26,
n225,5020_JP,2010-04-01,
n225,5101_JP,2009-01-01,
n225,5108_JP,2009-01-01,
n225,5201_JP,2009-01-01,
n225,5202_JP,2009-01-01,2023-10-02
n225,5214_JP,2010-10-01,
n225,5232_JP,2009-01-01,2024-04-01
n225,5233_JP,2009-01-01,
n225,5301_JP,2009-01-01,
n225,5332_JP,2009-01-01,
n225,5333_JP,2009-01-01,
n225,5401_JP,2009-01-01,
n225,5405_JP,2009-01-01,2012-10-03
n225,5406_JP,2009-01-01,
n225,5407_JP,2010-04-01,2012-10-03
n225,5411_JP,2009-01-01,
n225,5413_JP,2012-10-03,2019-01-12
n225,543A_JP,2026-04-03,
n225,5541_JP,2009-01-01,2024-04-01
n225,5631_JP,2009-01-01,
n225,5701_JP,2009-01-01,2012-10-03
n225,5703_JP,2012-10-03,2023-04-03
n225,5706_JP,2009-01-01,
n225,5707_JP,2009-01-01,2023-04-03
n225,5711_JP,2009-01-01,
n225,5713_JP,2009-01-01,
n225,5714_JP,2009-01-01,
n225,5715_JP,2009-01-01,2019-01-12
n225,5801_JP,2009-01-01,
n225,5802_JP,2009-01-01,
n225,5803_JP,2009-01-01,
n225,5831_JP,2022-10-08,
n225,5901_JP,2009-01-01,2021-10-01
n225,6098_JP,2017-10-02,
n225,6103_JP,2009-01-01,
n225,6113_JP,2011-11-12,
n225,6146_JP,2024-04-01,
n225,6178_JP,2017-10-02,
n225,6273_JP,2022-10-03,
n225,6301_JP,2009-01-01,
n225,6302_JP,2009-01-01,
n225,6305_JP,2009-01-01,
n225,6326_JP,2009-01-01,
n225,6361_JP,2009-01-01,
n225,6366_JP,2009-01-01,2019-07-31
n225,6367_JP,2009-01-01,
n225,6471_JP,2009-01-01,
n225,6472_JP,2009-01-01,
n225,6473_JP,2009-01-01,
n225,6479_JP,2009-01-01,
n225,6501_JP,2009-01-01,
n225,6502_JP,2009-01-01,2017-07-21
n225,6503_JP,2009-01-01,
n225,6504_JP,2009-01-01,
n225,6506_JP,2011-04-17,
n225,6508_JP,2009-01-01,2017-10-02
n225,6526_JP,2024-04-01,
n225,6532_JP,2025-04-01,
n225,6594_JP,2022-10-03,2025-11-04
n225,6645_JP,2019-03-15,
n225,6674_JP,2009-01-01,2026-04-01
n225,6701_JP,2009-01-01,
n225,6702_JP,2009-01-01,
n225,6703_JP,2009-01-01,2022-10-03
n225,6723_JP,2023-04-03,
n225,6724_JP,2017-07-21,
n225,6752_JP,2009-01-01,
n225,6753_JP,2009-01-01,2016-07-30
n225,6753_JP,2020-12-02,
n225,6758_JP,2009-01-01,
n225,6762_JP,2009-01-01,
n225,6764_JP,2009-01-01,2011-04-17
n225,6767_JP,2009-01-01,2017-01-23
n225,6770_JP,2009-01-01,
n225,6773_JP,2009-01-01,2019-03-15
n225,6796_JP,2009-01-01,2010-10-01
n225,6841_JP,2009-01-01,
n225,6857_JP,2009-01-01,
n225,6861_JP,2021-10-01,
n225,6902_JP,2009-01-01,
n225,6920_JP,2023-10-02,
n225,6952_JP,2009-01-01,2026-04-01
n225,6954_JP,2009-01-01,
n225,6963_JP,2025-07-05,
n225,6971_JP,2009-01-01,
n225,6976_JP,2009-01-01,
n225,6981_JP,2021-10-01,
n225,6988_JP,2013-10-01,
n225,6991_JP,2009-01-01,2011-04-17
n225,7003_JP,2009-01-01,2023-10-01
n225,7004_JP,2009-01-01,
n225,7011_JP,2009-01-01,
n225,7012_JP,2009-01-01,
n225,7013_JP,2009-01-01,
n225,7186_JP,2016-04-01,
n225,7201_JP,2009-01-01,
n225,7202_JP,2009-01-01,
n225,7203_JP,2009-01-01,
n225,7205_JP,2009-01-01,2026-04-03
n225,7211_JP,2009-01-01,
n225,7261_JP,2009-01-01,
n225,7267_JP,2009-01-01,
n225,7269_JP,2009-01-01,
n225,7270_JP,2009-01-01,
n225,7272_JP,2016-07-30,
n225,7453_JP,2024-10-01,
n225,7532_JP,2026-04-01,
n225,7731_JP,2009-01-01,
n225,7733_JP,2009-01-01,
n225,7735_JP,2011-04-17,
n225,7741_JP,2022-10-03,
n225,7751_JP,2009-01-01,
n225,7752_JP,2009-01-01,
n225,7762_JP,2009-01-01,2025-10-01
n225,7832_JP,2019-07-31,
n225,7911_JP,2009-01-01,
n225,7912_JP,2009-01-01,
n225,7951_JP,2009-01-01,
n225,7974_JP,2021-10-01,
n225,8001_JP,2009-01-01,
n225,8002_JP,2009-01-01,
n225,8015_JP,2009-01-01,
n225,8028_JP,2016-08-27,2020-10-28
n225,8031_JP,2009-01-01,
n225,8035_JP,2009-01-01,
n225,8053_JP,2009-01-01,
n225,8058_JP,2009-01-01,
n225,8233_JP,2009-01-01,
n225,8252_JP,2009-01-01,
n225,8253_JP,2009-01-01,
n225,8267_JP,2009-01-01,
n225,8270_JP,2009-01-01,2016-08-27
n225,8303_JP,2009-01-01,2022-04-01
n225,8304_JP,2011-11-12,
n225,8306_JP,2009-01-01,
n225,8308_JP,2009-01-01,
n225,8309_JP,2009-01-01,
n225,8316_JP,2009-01-01,
n225,8331_JP,2009-01-01,
n225,8332_JP,2009-01-01,2016-04-01
n225,8354_JP,2009-01-01,
n225,8355_JP,2009-01-01,2022-10-08
n225,8403_JP,2009-01-01,2011-04-17
n225,8404_JP,2009-01-01,2011-11-12
n225,8411_JP,2009-01-01,
n225,8591_JP,2022-04-01,
n225,8601_JP,2009-01-01,
n225,8604_JP,2009-01-01,
n225,8606_JP,2009-01-01,2011-11-12
n225,8628_JP,2009-01-01,2023-10-02
n225,8630_JP,2010-04-01,
n225,8697_JP,2020-07-28,
n225,8725_JP,2009-01-01,
n225,8750_JP,2011-04-17,
n225,8755_JP,2009-01-01,2010-04-01
n225,8766_JP,2009-01-01,
n225,8795_JP,2009-01-01,
n225,8801_JP,2009-01-01,
n225,8802_JP,2009-01-01,
n225,8803_JP,2009-01-01,2015-10-01
n225,8804_JP,2010-10-01,
n225,8815_JP,2009-01-01,2013-10-06
n225,8830_JP,2009-01-01,
n225,9001_JP,2009-01-01,
n225,9005_JP,2009-01-01,
n225,9007_JP,2009-01-01,
n225,9008_JP,2009-01-01,
n225,9009_JP,2009-01-01,
n225,9020_JP,2009-01-01,
n225,9021_JP,2009-01-01,
n225,9022_JP,2010-01-19,
n225,9062_JP,2009-01-01,2022-01-04
n225,9064_JP,2009-01-01,
n225,9101_JP,2009-01-01,
n225,9104_JP,2009-01-01,
n225,9107_JP,2009-01-01,
n225,9147_JP,2022-01-04,
n225,9201_JP,2009-01-01,2010-01-19
n225,9201_JP,2023-04-03,
n225,9202_JP,2009-01-01,
n225,9301_JP,2009-01-01,2025-04-01
n225,9412_JP,2009-01-01,2021-10-01
n225,9432_JP,2009-01-01,
n225,9433_JP,2009-01-01,
n225,9434_JP,2009-01-01,2016-04-04
n225,9434_JP,2020-10-01,
n225,9437_JP,2009-01-01,2020-12-02
n225,9501_JP,2009-01-01,
n225,9502_JP,2009-01-01,
n225,9503_JP,2009-01-01,
n225,9531_JP,2009-01-01,
n225,9532_JP,2009-01-01,
n225,9602_JP,2009-01-01,
n225,9613_JP,2009-01-01,2025-07-05
n225,9681_JP,2009-01-01,2019-10-01
n225,9735_JP,2009-01-01,
n225,9737_JP,2009-01-01,2011-11-12
n225,9766_JP,2009-01-01,
n225,9843_JP,2023-10-02,
n225,9983_JP,2009-01-01,
n225,9984_JP,2016-04-04,
smi,ABBN_SW,2009-01-01,
smi,ADEN_SW,2009-01-01,2020-09-21
smi,ALC_SW,2019-04-09,
smi,AMRZ_SW,2025-06-23,
smi,ATLN_SW,2009-01-01,2017-05-03
smi,BAER_SW,2009-01-01,2019-04-10
smi,BALN_SW,2009-01-01,2009-09-21
smi,CFR_SW,2009-01-01,
smi,CSGN_SW,2009-01-01,2023-06-13
smi,GEBN_SW,2012-06-14,
smi,GIVN_SW,2011-09-19,
smi,HOLN_SW,2009-01-01,
smi,KNIN_SW,2023-06-13,
smi,LOGN_SW,2021-09-20,
smi,LONN_SW,2009-09-21,2011-09-19
smi,LONN_SW,2017-05-03,
smi,NESN_SW,2009-01-01,
smi,NOBE_SW,2009-01-01,2009-09-21
smi,NOVN_SW,2009-01-01,
smi,PGHN_SW,2020-09-21,
smi,RIGN_SW,2010-06-21,2016-03-21
smi,ROP_SW,2009-01-01,
smi,SCMN_SW,2009-01-01,
smi,SGSN_SW,2009-09-21,2022-09-19
smi,SIKA_SW,2017-05-15,
smi,SLHN_SW,2009-01-01,2010-06-21
smi,SLHN_SW,2016-03-21,
smi,SOON_SW,2022-09-19,2025-09-22
smi,SREN_SW,2009-01-01,
smi,SYNN_SW,2009-01-01,2017-05-15
smi,SYST_SW,2009-01-01,2012-06-14
smi,UBSG_SW,2009-01-01,
smi,UHR_SW,2009-01-01,2021-09-20
smi,ZURN_SW,2009-01-01,
sp500,A,2000-06-05,
sp500,AABA,1999-12-08,2017-06-19
sp500,AAL,1996-01-02,1997-01-15
sp500,AAL,2015-03-23,2024-09-23
sp500,AAMRQ,1996-01-02,2003-03-14
sp500,AAP,2015-07-09,2023-08-25
sp500,AAPL,1996-01-02,
sp500,ABBV,2013-01-02,
sp500,ABI,1996-01-02,2008-11-24
sp500,ABKFQ,2000-12-11,2008-06-11
sp500,ABMD,2018-05-31,2022-12-22
sp500,ABNB,2023-09-18,
sp500,ABS,1996-01-02,2006-06-02
sp500,ABT,1996-01-02,
sp500,ABX,1996-01-02,2002-07-22
sp500,ACAS,2007-07-09,2009-03-04
sp500,ACGL,2022-11-01,
sp500,ACKH,1996-01-02,2000-11-17
sp500,ACN,2011-07-06,
sp500,ACS,2004-04-02,2010-02-08
sp500,ACV,1996-01-02,2006-11-17
sp500,ADBE,1997-05-06,
sp500,ADI,1999-10-12,
sp500,ADM,1996-01-02,
sp500,ADP,1996-01-02,
sp500,ADSK,1996-01-02,
sp500,AEE,1996-01-02,
sp500,AEP,1996-01-02,
sp500,AES,1998-10-02,
sp500,AET,1996-01-02,2018-11-29
sp500,AFL,1999-05-28,
sp500,AFS-A,1998-04-08,2000-12-01
sp500,AGC,1996-01-02,2001-08-29
sp500,AGN,1996-01-02,2020-05-12
sp500,AHM,1996-01-02,1998-10-01
sp500,AIG,1996-01-02,
sp500,AIT,1996-01-02,1999-10-11
sp500,AIV,2003-03-14,2020-12-21
sp500,AIZ,2007-04-10,
sp500,AJG,2016-05-31,
sp500,AKAM,2007-07-12,
sp500,AKS,2008-07-01,2011-12-19
sp500,AL,1996-01-02,2002-07-22
sp500,ALB,2016-07-01,
sp500,ALGN,2017-06-19,
sp500,ALK,2016-05-13,2023-12-18
sp500,ALL,1996-01-02,
sp500,ALLE,2013-12-02,
sp500,ALTR,2000-04-18,2015-12-28
sp500,ALXN,2012-05-25,2021-07-21
sp500,AM,1996-01-02,2004-05-03
sp500,AMAT,1996-01-02,
sp500,AMCC,2001-01-02,2006-05-18
sp500,AMCR,2019-06-07,
sp500,AMD,1996-01-02,2013-09-23
sp500,AMD,2017-03-20,
sp500,AME,2013-09-23,
sp500,AMG,2014-07-01,2019-12-23
sp500,AMGN,1996-01-02,
sp500,AMH,1996-01-02,1997-09-15
sp500,AMP,1996-01-02,1999-04-05
sp500,AMP,2005-10-03,
sp500,AMT,2007-11-19,
sp500,AMTM,2024-09-30,2024-12-23
sp500,AMZN,2005-11-21,
sp500,AN,1996-01-02,1999-01-04
sp500,AN,2003-02-24,2017-08-08
sp500,ANDV,2007-09-27,2018-10-01
sp500,ANDW,1996-01-02,2006-10-02
sp500,ANET,2018-08-28,
sp500,ANF,2007-03-29,2013-12-23
sp500,ANRZQ,2011-06-02,2012-10-02
sp500,ANSS,2017-06-19,2025-07-18
sp500,ANV,1996-01-02,1999-04-12
sp500,AON,1996-04-23,
sp500,AOS,2017-07-26,
sp500,APA,1997-07-28,
sp500,APCC,2000-06-01,2007-02-15
sp500,APD,1996-01-02,
sp500,APH,2008-09-30,
sp500,APO,2024-12-23,
sp500,APOL,2002-05-15,2013-07-01
sp500,APP,2025-09-22,
sp500,APTV,2012-12-24,
sp500,AR,1996-01-02,1999-10-27
sp500,ARC,1996-01-02,2000-04-18
sp500,ARE,2017-03-20,
sp500,ARES,2025-12-11,
sp500,ARG,2009-09-09,2016-05-23
sp500,ARNC,1996-01-02,2020-04-06
sp500,AS,1996-01-02,1998-11-24
sp500,ASC,1996-01-02,1999-06-24
sp500,ASH,1996-01-02,2008-11-14
sp500,ASN,2004-12-20,2007-10-08
sp500,AT,1996-01-02,2007-11-19
sp500,ATGE,2009-06-09,2012-10-01
sp500,ATI,1996-01-02,2015-07-02
sp500,ATO,2019-02-15,
sp500,ATVI,2015-08-31,2023-10-18
sp500,AVB,2007-01-10,2026-08-18
sp500,AVGO,2014-05-08,
sp500,AVP,1996-01-02,2015-03-23
sp500,AVY,1996-01-02,
sp500,AW,1999-08-02,2008-12-05
sp500,AWE,2001-07-09,2004-10-27
sp500,AWK,2016-03-04,
sp500,AXON,2023-05-04,
sp500,AXP,1996-01-02,
sp500,AYE,2000-12-11,2011-02-28
sp500,AYI,2016-05-03,2018-06-18
sp500,AZA-A,1996-01-02,2001-06-25
sp500,AZO,1997-01-02,
sp500,BA,1996-01-02,
sp500,BAC,1996-01-02,
sp500,BALL,1996-01-02,
sp500,BAX,1996-01-02,
sp500,BBI,1996-01-02,1998-01-12
sp500,BBWI,2021-08-03,2024-10-01
sp500,BBY,1999-06-30,
sp500,BC,1996-01-02,2008-06-23
sp500,BCO,1996-01-02,1996-01-22
sp500,BCR,1996-01-02,2017-12-29
sp500,BDK,1996-01-02,2010-03-15
sp500,BDX,1996-01-02,
sp500,BE,2026-09-25,
sp500,BEAM,1996-01-02,2014-05-01
sp500,BEN,1998-04-29,
sp500,BEV,1996-01-02,1997-12-04
sp500,BF-B,1996-01-02,
sp500,BFH,2013-12-23,2020-06-22
sp500,BFI,1996-01-02,1999-08-02
sp500,BFO,1996-01-02,2000-10-03
sp500,BG,2023-03-15,
sp500,BGEN,2000-01-31,2003-11-13
sp500,BGG,1996-01-02,2001-04-03
sp500,BHF,2017-08-07,2019-04-02
sp500,BHGE,1996-01-02,2019-10-18
sp500,BHMSQ,1996-01-02,2000-12-11
sp500,BIG,1998-01-20,2013-02-14
sp500,BIIB,2003-11-13,
sp500,BIO,2020-06-22,2024-09-23
sp500,BJS,2002-05-15,2010-04-29
sp500,BK,1996-01-02,2026-05-21
sp500,BKB,1996-01-02,1999-10-01
sp500,BKNG,2009-11-06,
sp500,BKR,2019-10-18,
sp500,BLDR,2023-12-18,2026-09-25
sp500,BLK,2011-04-04,
sp500,BLS,1996-01-02,2007-01-03
sp500,BLY,1996-01-02,1996-12-19
sp500,BMC,1998-10-01,2013-09-11
sp500,BMET,1996-01-02,2007-07-12
sp500,BMGCA,1996-07-22,1999-08-09
sp500,BMS,1996-01-02,2014-12-05
sp500,BMY,1996-01-02,
sp500,BNI,1996-01-02,2010-02-16
sp500,BNL,1996-01-02,1998-07-01
sp500,BNY,2026-05-21,
sp500,BOAT,1996-01-02,1997-01-07
sp500,BOL,1996-01-02,2007-10-29
sp500,BR,1996-01-02,2006-04-03
sp500,BR,2018-06-18,
sp500,BRCM,2000-07-03,2016-02-01
sp500,BRK-B,2010-02-16,
sp500,BRL,2006-02-27,2008-12-23
sp500,BRO,2021-09-20,
sp500,BSC,1998-07-01,2008-06-02
sp500,BSX,1996-01-02,
sp500,BT,1996-01-02,1999-06-04
sp500,BTUUQ,2006-11-20,2014-09-22
sp500,BUD,1996-01-02,2008-11-18
sp500,BVSN,2000-11-06,2001-09-04
sp500,BWA,2011-12-19,2025-03-24
sp500,BX,2023-09-18,
sp500,BXLT,2015-07-01,2016-06-03
sp500,BXP,2006-04-03,
sp500,C,1996-01-02,
sp500,CA,1996-01-02,2018-11-06
sp500,CAG,1996-01-02,2026-06-30
sp500,CAH,1997-05-27,
sp500,CAL,1996-01-02,1996-07-22
sp500,CAR,1996-01-02,2006-08-01
sp500,CARR,2020-04-03,
sp500,CASY,2026-04-09,
sp500,CAT,1996-01-02,
sp500,CB,1996-01-02,
sp500,CBB,1996-01-02,1998-01-28
sp500,CBE,1996-01-02,2009-09-09
sp500,CBE,2011-11-23,2012-12-03
sp500,CBH,2006-06-06,2008-03-31
sp500,CBOE,2017-03-01,
sp500,CBRE,2006-11-10,
sp500,CBSS,2004-12-20,2007-09-07
sp500,CCB,1996-01-02,1996-02-12
sp500,CCE,1998-10-08,2016-05-31
sp500,CCI,1996-01-02,1998-10-08
sp500,CCI,2012-03-13,
sp500,CCK,1996-01-02,2000-12-11
sp500,CCL,1998-12-22,
sp500,CCTYQ,1996-01-02,2008-03-31
sp500,CCU,1997-09-02,2008-07-31
sp500,CDAY,2021-09-20,2024-02-01
sp500,CDNS,2017-09-18,
sp500,CDW,2019-09-23,
sp500,CE,2018-12-24,2025-03-24
sp500,CEG,1996-01-02,2012-03-13
sp500,CEG,2022-02-02,
sp500,CELG,2006-11-06,2019-11-21
sp500,CEN,1996-01-02,2001-04-02
sp500,CEPH,2008-11-17,2011-10-14
sp500,CERN,2010-04-30,2022-06-08
sp500,CF,2008-08-27,
sp500,CFC,1997-06-18,2008-07-01
sp500,CFG,2016-02-01,
sp500,CFL,1996-01-02,1998-04-28
sp500,CFN,2009-09-01,2015-03-17
sp500,CG,1996-01-02,2000-11-02
sp500,CGP,1996-01-02,2001-01-30
sp500,CHA,1996-01-02,2000-06-19
sp500,CHD,2015-12-29,
sp500,CHIR,2000-11-24,2006-04-20
sp500,CHK,2006-03-03,2018-03-19
sp500,CHRS,1996-01-02,1998-04-08
sp500,CHRW,2007-03-02,
sp500,CHTR,2016-09-08,
sp500,CI,1996-01-02,
sp500,CIEN,2001-08-30,2009-12-21
sp500,CIEN,2026-02-09,
sp500,CIN,1996-01-02,2006-04-03
sp500,CINF,1997-12-18,
sp500,CIT-A,2000-07-17,2001-06-04
sp500,CITGQ,2004-10-27,2009-07-27
sp500,CL,1996-01-02,
sp500,CLF,2009-12-21,2014-04-02
sp500,CLX,1996-01-02,
sp500,CMA,1996-01-02,2024-06-24
sp500,CMB,1996-01-02,1996-04-01
sp500,CMCSA,1996-01-02,
sp500,CMCSK,2015-09-21,2015-12-14
sp500,CME,2006-08-11,
sp500,CMG,2011-04-28,
sp500,CMI,1996-01-02,
sp500,CMS,1999-05-03,
sp500,CMVT,1999-10-27,2007-02-01
sp500,CMX,2004-03-25,2007-03-23
sp500,CNC,2016-03-30,
sp500,CNG,1996-01-02,2000-01-31
sp500,CNP,1996-01-02,
sp500,CNW,1996-01-02,1996-12-03
sp500,CNX,2006-06-28,2016-03-04
sp500,COC-B,1999-08-09,2002-09-03
sp500,COF,1998-07-01,
sp500,COHR,2026-03-23,
sp500,COIN,2025-05-19,
sp500,COL,2001-07-02,2018-11-27
sp500,COMS,1996-01-02,2000-07-28
sp500,COO,2016-09-23,
sp500,COP,1996-01-02,
sp500,COR,2001-08-30,
sp500,COST,1996-01-02,
sp500,COTY,2016-10-03,2020-09-21
sp500,COV,1996-01-02,1996-08-16
sp500,COV,2007-07-02,2009-06-05
sp500,COV,2011-03-01,2015-01-27
sp500,CPAY,2018-06-20,
sp500,CPB,1996-01-02,2026-06-22
sp500,CPGX,2015-07-02,2016-07-01
sp500,CPNLQ,2000-12-01,2005-12-02
sp500,CPQ,1996-01-02,2002-05-06
sp500,CPRI,2013-11-13,2020-05-12
sp500,CPRT,2018-07-02,
sp500,CPT,2022-04-04,
sp500,CR,1996-01-02,2004-12-20
sp500,CRH,2025-12-22,
sp500,CRL,2021-05-14,
sp500,CRM,2008-09-15,
sp500,CRR,1996-01-02,1997-05-27
sp500,CRWD,2024-06-24,
sp500,CSCO,1996-01-02,
sp500,CSE,1996-01-22,1999-11-15
sp500,CSGP,2022-09-19,
sp500,CSR,1996-01-02,2000-06-16
sp500,CSX,1996-01-02,
sp500,CTAS,2001-03-01,
sp500,CTB,1996-01-02,2006-07-18
sp500,CTLT,2020-09-21,2024-12-23
sp500,CTRA,2008-06-23,2026-05-07
sp500,CTSH,2006-11-17,
sp500,CTVA,2019-06-03,
sp500,CTX,1996-01-02,2009-08-19
sp500,CTXS,1999-12-01,2022-10-03
sp500,CVC,2010-12-20,2016-06-21
sp500,CVG,2000-06-13,2009-12-21
sp500,CVH,2005-08-30,2013-05-07
sp500,CVNA,2025-12-22,
sp500,CVS,1996-01-02,
sp500,CVX,1996-01-02,
sp500,CXO,2016-02-22,2021-01-21
sp500,CYM,1996-01-02,1999-10-18
sp500,CYR,1996-01-02,1996-03-28
sp500,CZR,2021-03-22,2025-09-22
sp500,D,1996-01-02,
sp500,DAL,2013-09-11,
sp500,DALRQ,1996-01-02,2005-08-19
sp500,DASH,2025-03-24,
sp500,DAY,2024-02-01,2026-02-09
sp500,DCNAQ,1996-01-02,2006-03-03
sp500,DD,1996-01-02,2017-09-01
sp500,DD,2019-06-03,
sp500,DDOG,2025-07-09,
sp500,DDR,2007-03-23,2009-03-30
sp500,DDS,1996-01-02,2008-10-22
sp500,DE,1996-01-02,
sp500,DEC,1996-01-02,1998-06-12
sp500,DECK,2024-03-18,
sp500,DELL,2024-09-23,
sp500,DF,2006-04-03,2013-05-24
sp500,DFS,2007-07-02,2025-05-19
sp500,DG,2012-12-03,
sp500,DGN,1996-01-02,1999-10-13
sp500,DGX,2002-12-12,
sp500,DHI,2005-07-05,
sp500,DHR,1998-11-18,
sp500,DI,1996-01-02,1998-09-30
sp500,DIGI,1996-01-02,1998-08-28
sp500,DIS,1996-01-02,
sp500,DISH,2017-03-13,2023-06-20
sp500,DJ,1996-01-02,2007-12-14
sp500,DLR,2016-05-18,
sp500,DLTR,2011-12-19,
sp500,DLX,1996-01-02,2004-12-20
sp500,DNB,2008-12-02,2017-04-05
sp500,DNR,2009-04-02,2015-03-23
sp500,DO,2009-02-26,2016-10-03
sp500,DOC,2008-03-31,
sp500,DOV,1996-01-02,
sp500,DOW,1996-01-02,2017-09-01
sp500,DOW,2019-04-02,
sp500,DPHIQ,1999-05-28,2005-10-11
sp500,DPZ,2020-05-12,
sp500,DRE,2017-07-26,2022-10-03
sp500,DRI,1996-01-02,
sp500,DTE,1996-01-02,
sp500,DTV,2006-12-04,2015-07-27
sp500,DUK,1996-01-02,
sp500,DVA,2008-07-31,
sp500,DVN,2000-08-30,
sp500,DWD,1996-01-02,1997-06-02
sp500,DWDP,2017-09-01,2019-06-03
sp500,DXC,1996-01-02,2015-12-01
sp500,DXC,2017-04-04,2023-10-02
sp500,DXCM,2020-05-12,
sp500,EA,2002-07-22,2026-08-05
sp500,EBAY,2002-07-22,
sp500,EC,1996-01-02,2006-06-06
sp500,ECH,1996-01-02,1998-07-10
sp500,ECHO,2026-06-24,
sp500,ECL,1996-01-02,
sp500,ECO,1996-01-02,1998-01-20
sp500,ED,1996-01-02,
sp500,EDS,1998-08-11,2008-08-26
sp500,EFU,1996-01-02,2000-11-02
sp500,EFX,1997-06-19,
sp500,EG,2017-06-19,
sp500,EHC,1997-01-08,2003-03-21
sp500,EIX,1996-01-02,
sp500,EKDKQ,1996-01-02,2010-12-20
sp500,EL,2006-01-05,
sp500,ELV,2001-10-30,
sp500,EME,2025-09-22,
sp500,EMN,1996-01-02,2025-11-04
sp500,EMR,1996-01-02,
sp500,ENDP,2015-01-27,2017-03-02
sp500,ENPH,2021-01-07,2025-09-22
sp500,ENRNQ,1996-01-02,2001-11-30
sp500,ENS,1996-01-02,1997-08-06
sp500,EOG,2000-11-02,
sp500,EOP,2001-10-10,2007-02-12
sp500,EP,1999-10-26,2012-05-25
sp500,EPAM,2021-12-14,2026-06-02
sp500,EQIX,2015-03-23,
sp500,EQR,2001-12-03,2026-08-18
sp500,EQT,2008-12-19,2018-11-13
sp500,EQT,2022-10-03,
sp500,ERIE,2024-09-23,
sp500,ES,2009-03-17,
sp500,ESRX,2003-09-26,2018-12-21
sp500,ESS,2014-04-02,
sp500,ESV,2007-01-04,2009-12-23
sp500,ESV,2012-07-31,2016-03-30
sp500,ETFC,2004-04-01,2020-10-07
sp500,ETN,1996-01-02,
sp500,ETR,1996-01-02,
sp500,ETS,1996-01-02,2001-08-06
sp500,ETSY,2020-09-21,2024-09-23
sp500,EVHC,2016-12-02,2018-10-11
sp500,EVRG,2018-06-05,
sp500,EW,2011-04-01,
sp500,EXC,1996-01-02,
sp500,EXE,2025-03-24,
sp500,EXPD,2007-10-10,
sp500,EXPE,2007-10-02,
sp500,EXR,2016-01-19,
sp500,F,1996-01-02,
sp500,FANG,2018-12-03,
sp500,FAST,2008-09-15,
sp500,FBF,1996-01-02,2004-04-01
sp500,FBIN,2016-06-24,2022-12-19
sp500,FBO,1996-01-02,1996-03-13
sp500,FCN,1996-01-02,1998-10-02
sp500,FCPT,2015-11-10,2015-11-17
sp500,FCX,1996-01-02,
sp500,FDC,1996-01-02,2007-09-25
sp500,FDO,2001-08-06,2015-07-07
sp500,FDS,2021-12-20,
sp500,FDX,1996-01-02,
sp500,FDXF,2026-06-01,
sp500,FE,1996-01-02,
sp500,FERG,2026-08-05,
sp500,FFIV,2010-12-20,
sp500,FG,1996-01-02,1998-04-27
sp500,FHN,2002-05-06,2013-06-24
sp500,FICO,2023-03-20,
sp500,FII,2003-04-16,2013-01-02
sp500,FIS,2006-11-10,
sp500,FISV,2001-04-02,
sp500,FITB,1996-03-08,
sp500,FIX,2025-12-22,
sp500,FJ,1996-01-02,2000-11-24
sp500,FL,1996-01-02,1999-01-04
sp500,FL,2016-04-04,2019-08-09
sp500,FLEX,2026-06-22,
sp500,FLIR,2009-01-02,2021-05-14
sp500,FLMIQ,1996-01-02,1997-12-24
sp500,FLR,2000-12-22,2019-06-03
sp500,FLS,2008-10-02,2021-03-22
sp500,FLTWQ,1996-01-02,2000-01-31
sp500,FMC,1996-01-02,2002-01-02
sp500,FMC,2009-08-19,2025-03-24
sp500,FMCC,1996-01-02,2008-09-11
sp500,FNMA,1996-01-02,2008-09-11
sp500,FOSL,2012-04-04,2016-01-05
sp500,FOXA,2019-03-12,
sp500,FPC,1999-06-22,2000-12-01
sp500,FRC,2019-01-02,2023-05-04
sp500,FRT,2016-02-01,
sp500,FRX,2000-11-22,2014-07-01
sp500,FSH,2004-08-03,2006-11-10
sp500,FSL,2004-12-03,2006-12-04
sp500,FSLR,2009-10-16,2017-03-20
sp500,FSLR,2022-12-19,
sp500,FTI,2009-06-05,2021-02-12
sp500,FTL-A,1996-01-02,1999-10-01
sp500,FTNT,2018-10-11,
sp500,FTR,2001-02-27,2017-03-20
sp500,FTV,2016-07-05,
sp500,FWLT,1996-01-02,2000-01-31
sp500,G,1996-01-02,2005-10-03
sp500,GAP,1996-01-02,2022-02-02
sp500,GAPTQ,1996-01-02,2000-08-30
sp500,GAS,1996-01-02,2011-12-12
sp500,GAS,2011-12-13,2016-07-01
sp500,GD,1996-01-02,
sp500,GDDY,2024-06-24,
sp500,GDW,1996-01-02,2006-10-02
sp500,GE,1996-01-02,
sp500,GEHC,2023-01-04,
sp500,GEN,2003-03-31,
sp500,GEV,2024-04-02,
sp500,GFS-A,1996-01-02,1998-07-16
sp500,GGP,2007-07-02,2008-11-13
sp500,GGP,2013-12-10,2018-08-28
sp500,GHC,2007-12-31,2014-09-22
sp500,GIDL,1996-01-02,1997-07-17
sp500,GILD,2004-07-01,
sp500,GIS,1996-01-02,
sp500,GL,1996-01-02,
sp500,GLD,1996-01-02,1997-05-06
sp500,GLK,1996-01-02,2005-07-05
sp500,GLW,1996-01-02,
sp500,GM,2013-06-07,
sp500,GMCR,2014-03-24,2016-03-03
sp500,GME,2007-12-14,2016-04-25
sp500,GNRC,2021-03-22,
sp500,GNW,2005-12-02,2015-11-18
sp500,GOOGL,2006-04-03,
sp500,GP,1996-01-02,2005-12-20
sp500,GPC,1996-01-02,
sp500,GPN,2016-04-25,
sp500,GPU,1996-01-02,2001-11-07
sp500,GR,1996-01-02,2012-07-27
sp500,GRA,1996-01-02,2000-12-11
sp500,GRMN,2012-12-12,
sp500,GRN,1996-01-02,1998-12-22
sp500,GS,2002-07-22,
sp500,GSX,1996-01-02,1998-10-07
sp500,GT,1996-01-02,2019-02-27
sp500,GTE,1996-01-02,2000-07-03
sp500,GTW,1998-04-27,2006-08-01
sp500,GWF,1996-01-02,1997-07-02
sp500,GWW,1996-01-02,
sp500,GX,1999-09-29,2001-10-10
sp500,H,1996-01-02,2001-06-29
sp500,HAL,1996-01-02,
sp500,HAR,2006-02-01,2017-03-13
sp500,HAS,1996-01-02,
sp500,HBAN,1997-08-06,
sp500,HBI,2015-03-23,2021-12-20
sp500,HBOC,1997-10-23,1999-01-13
sp500,HCA,1996-01-02,2006-11-20
sp500,HCA,2015-01-27,
sp500,HCBK,2007-02-15,2015-11-02
sp500,HCR,1998-09-28,2007-11-09
sp500,HD,1996-01-02,
sp500,HDLM,1996-01-02,1996-03-08
sp500,HES,1996-01-02,2025-07-23
sp500,HET,1996-01-02,2008-01-29
sp500,HFC,2018-06-18,2021-06-04
sp500,HFS,1996-08-16,1997-12-18
sp500,HI,1996-01-02,2003-03-31
sp500,HIG,1996-01-02,
sp500,HII,2018-01-03,
sp500,HLT,1996-01-02,2007-10-25
sp500,HLT,2017-06-19,
sp500,HM,1996-01-02,2001-12-17
sp500,HMA,2001-11-07,2007-03-02
sp500,HNZ,1996-01-02,2013-06-07
sp500,HOG,2000-01-31,2020-06-22
sp500,HOLX,2016-03-30,2026-04-09
sp500,HON,1996-01-02,
sp500,HONA,2026-06-29,
sp500,HOOD,2025-09-22,
sp500,HOT,2000-11-17,2016-09-23
sp500,HP,1996-01-02,1999-12-31
sp500,HP,2010-03-01,2020-05-22
sp500,HPC,1996-01-02,2008-11-14
sp500,HPE,2015-11-02,
sp500,HPH,1996-01-02,1999-06-09
sp500,HPQ,1996-01-02,
sp500,HRB,1996-01-02,2020-09-21
sp500,HRL,2009-03-04,
sp500,HSH,1996-01-02,2012-06-29
sp500,HSIC,2015-03-18,
sp500,HSP,2004-05-03,2015-09-03
sp500,HST,2007-03-20,
sp500,HSY,1996-01-02,
sp500,HUBB,2023-10-18,
sp500,HUM,1996-01-02,
sp500,HWM,2020-04-06,
sp500,I,1996-01-02,1996-04-01
sp500,IAC,2006-12-01,2008-08-21
sp500,IBKR,2025-08-28,
sp500,IBM,1996-01-02,
sp500,ICE,2007-09-26,
sp500,IDXX,2017-01-05,
sp500,IEX,2019-08-09,
sp500,IFF,1996-01-02,
sp500,IGT,2001-09-04,2014-06-20
sp500,IKN,1996-01-02,2000-06-29
sp500,ILMN,2015-11-19,2024-06-24
sp500,ILMN,2026-09-25,
sp500,IMNX,2001-09-21,2002-07-16
sp500,INCLF,1996-01-02,2002-07-22
sp500,INCY,2017-02-28,
sp500,INGR,1996-01-02,1997-07-28
sp500,INTC,1996-01-02,
sp500,INTU,2000-12-11,
sp500,INVH,2022-09-19,
sp500,IP,1996-01-02,
sp500,IPG,1996-01-02,2025-11-28
sp500,IPGP,2018-03-07,2022-06-21
sp500,IQV,2017-08-29,
sp500,IR,1996-01-02,2009-07-01
sp500,IR,2017-05-12,
sp500,IRM,2009-01-06,
sp500,ISRG,2008-06-02,
sp500,IT,2017-04-05,
sp500,ITT,1996-01-02,2011-11-01
sp500,ITW,1996-01-02,
sp500,IVZ,2008-08-21,
sp500,J,2007-10-26,
sp500,JAVA,1996-01-02,2010-01-27
sp500,JBHT,2015-07-01,
sp500,JBL,2001-01-30,2014-11-05
sp500,JBL,2023-12-18,
sp500,JCI,1996-01-02,
sp500,JCP,1996-01-02,2013-12-02
sp500,JEF,2007-08-27,2019-09-26
sp500,JH,1996-01-02,1998-04-01
sp500,JHF,2001-06-29,2004-04-29
sp500,JKHY,2018-11-13,
sp500,JNJ,1996-01-02,
sp500,JNPR,2006-06-02,2025-07-09
sp500,JNS,2000-07-13,2011-11-23
sp500,JNY,2001-12-17,2009-03-04
sp500,JOS,1996-01-02,2000-05-10
sp500,JOY,2011-02-28,2015-10-08
sp500,JP,1996-01-02,2006-04-03
sp500,JPM,1996-01-02,
sp500,JWN,1996-01-02,2020-06-22
sp500,K,1996-01-02,2025-12-11
sp500,KATE,1996-01-02,2008-12-02
sp500,KBH,1996-01-02,2009-12-21
sp500,KDP,2008-10-07,2018-07-02
sp500,KDP,2022-06-21,
sp500,KEY,1996-01-02,
sp500,KEYS,2018-11-06,
sp500,KHC,2015-07-06,
sp500,KIM,2006-04-03,
sp500,KKR,2024-06-24,
sp500,KLAC,1997-09-15,
sp500,KM,1996-01-02,2002-01-17
sp500,KMB,1996-01-02,
sp500,KMG,1996-01-02,2006-08-11
sp500,KMI,2012-05-25,
sp500,KMX,2010-06-28,2025-10-31
sp500,KO,1996-01-02,
sp500,KR,1996-01-02,
sp500,KRB,1996-01-02,2006-01-03
sp500,KRFT,2012-10-02,2015-07-06
sp500,KRI,1996-01-02,2006-06-28
sp500,KSE,2000-08-21,2007-08-27
sp500,KSS,1998-08-14,2020-09-21
sp500,KSU,1999-04-05,2000-07-13
sp500,KSU,2013-05-24,2021-12-14
sp500,KVUE,2023-08-25,
sp500,KWP,1996-01-02,1999-11-16
sp500,L,1996-01-02,
sp500,LB,1996-01-02,2021-08-03
sp500,LDG,1996-01-02,2001-07-02
sp500,LDOS,2009-12-21,2013-09-23
sp500,LDOS,2019-08-09,
sp500,LDW-B,1996-01-02,1999-12-08
sp500,LEG,1999-10-18,2021-12-20
sp500,LEHMQ,1998-01-12,2008-09-17
sp500,LEN,2005-10-04,
sp500,LH,2004-11-01,
sp500,LHX,1996-01-02,1999-11-08
sp500,LHX,2008-09-22,
sp500,LII,2024-12-23,
sp500,LIN,2018-11-06,
sp500,LITE,2026-03-23,
sp500,LKQ,2016-05-23,2025-12-22
sp500,LLL,2004-12-01,2019-07-01
sp500,LLTC,2000-04-03,2017-03-13
sp500,LLX,1996-01-02,1997-10-23
sp500,LLY,1996-01-02,
sp500,LM,2006-04-24,2016-12-02
sp500,LMT,1996-01-02,
sp500,LNC,1996-01-02,2023-09-18
sp500,LNT,2016-07-01,
sp500,LO,2008-06-11,2015-06-12
sp500,LOR,1996-01-02,1996-04-23
sp500,LOW,1996-01-02,
sp500,LPX,1996-01-02,2006-11-10
sp500,LRCX,2012-06-05,
sp500,LSI,1996-01-02,2014-05-07
sp500,LUB,1996-01-02,1997-01-02
sp500,LULU,2023-10-18,
sp500,LUMN,1999-03-25,2023-03-20
sp500,LUV,1996-01-02,
sp500,LVLT,2014-11-05,2017-10-13
sp500,LVS,2019-10-03,
sp500,LW,2018-12-03,2026-03-23
sp500,LXK,1999-08-13,2012-10-01
sp500,LYB,2012-09-05,
sp500,LYV,2019-12-23,
sp500,M,1996-01-02,2020-04-06
sp500,MA,2008-07-18,
sp500,MAA,2016-12-02,
sp500,MAC,2013-05-09,2019-12-23
sp500,MAR,1998-05-21,
sp500,MAS,1996-01-02,
sp500,MAT,1996-01-02,2019-06-07
sp500,MAY,1996-01-02,2005-08-29
sp500,MBI,1996-12-03,2009-12-21
sp500,MCD,1996-01-02,
sp500,MCHP,2007-09-07,
sp500,MCIC,1996-01-02,1998-09-15
sp500,MCK,1999-01-13,
sp500,MCO,1996-01-02,
sp500,MD,1996-01-02,1997-08-01
sp500,MDLZ,2007-04-02,
sp500,MDP,1996-01-02,2011-01-04
sp500,MDR,1996-01-02,2003-08-20
sp500,MDT,1996-01-02,
sp500,MEA,1996-01-02,2002-01-30
sp500,MEE,1996-01-02,2000-12-22
sp500,MEE,2008-06-23,2011-06-02
sp500,MEL,1996-01-02,2007-07-02
sp500,MER,1996-01-02,2009-01-02
sp500,MERQ,2000-06-29,2006-01-04
sp500,MET,2000-12-11,
sp500,META,2013-12-23,
sp500,MFE,2008-12-23,2011-03-01
sp500,MGM,2017-07-26,
sp500,MHK,2013-12-23,2025-12-22
sp500,MHS,2003-08-20,2012-04-02
sp500,MII,1996-01-02,1999-06-22
sp500,MIL,1996-01-02,2010-07-15
sp500,MJN,2009-12-21,2017-06-15
sp500,MKC,2003-03-21,
sp500,MKG,1996-01-02,2000-10-18
sp500,MKTX,2019-07-01,2025-09-22
sp500,MLM,2014-07-02,
sp500,MMC,1996-01-02,2026-01-14
sp500,MMM,1996-01-02,
sp500,MNK,2014-08-19,2017-07-26
sp500,MNR,1996-01-02,1998-09-28
sp500,MNST,2012-06-29,
sp500,MO,1996-01-02,
sp500,MOB,1996-01-02,1999-12-01
sp500,MOH,2022-03-02,2026-03-23
sp500,MOLX,1999-12-01,2013-12-09
sp500,MON,2002-08-14,2018-06-07
sp500,MOS,2011-09-26,
sp500,MPC,2011-07-01,
sp500,MPWR,2021-02-12,
sp500,MRK,1996-01-02,
sp500,MRNA,2021-07-21,
sp500,MRO,1996-01-02,2024-11-26
sp500,MRSH,2026-01-14,
sp500,MRVL,2026-06-22,
sp500,MS,1996-01-02,
sp500,MSCI,2018-04-04,
sp500,MSFT,1996-01-02,
sp500,MSI,1996-01-02,
sp500,MST,1996-01-02,1998-08-14
sp500,MTB,2004-02-27,
sp500,MTCH,2021-09-20,2026-03-23
sp500,MTD,2016-09-06,
sp500,MTG,1996-07-19,2008-10-31
sp500,MTL,1998-02-23,1999-09-20
sp500,MTLQQ,1996-01-02,2009-06-03
sp500,MTW,2007-11-16,2009-09-01
sp500,MU,1996-01-02,
sp500,MUR,2005-08-15,2017-07-26
sp500,MWI,1996-01-02,1999-05-28
sp500,MWV,1996-01-02,2015-07-02
sp500,MWW,2001-06-04,2011-12-19
sp500,MXIM,2000-05-10,2007-09-27
sp500,MXIM,2018-12-03,2021-08-30
sp500,MYG,1996-01-02,2006-04-03
sp500,MYL,2004-04-23,2020-11-17
sp500,MZIAQ,1996-01-02,2000-06-29
sp500,NAE,1996-01-02,1997-08-07
sp500,NAV,1996-01-02,2006-12-20
sp500,NAVI,2014-05-01,2018-06-05
sp500,NBL,2007-10-08,2020-10-12
sp500,NBR,2000-10-18,2015-03-23
sp500,NC,1996-01-02,2000-06-05
sp500,NCC,1996-01-02,2009-01-02
sp500,NCE,1998-11-03,2000-08-21
sp500,NCLH,2017-10-13,
sp500,NCR,2000-01-04,2007-10-01
sp500,NDAQ,2008-10-22,
sp500,NDSN,2022-02-15,
sp500,NEE,1996-01-02,
sp500,NEM,1996-01-02,
sp500,NFB,2002-07-17,2006-12-01
sp500,NFLX,2010-12-20,
sp500,NGH,1998-09-16,2000-12-12
sp500,NI,2000-11-02,
sp500,NKE,1996-01-02,
sp500,NKTR,2018-03-19,2019-10-03
sp500,NLC,1996-01-02,1999-08-02
sp500,NLSN,2013-07-09,2022-10-12
sp500,NMK,1996-01-02,2002-02-01
sp500,NOC,1996-01-02,
sp500,NOV,2005-03-14,2021-09-20
sp500,NOVL,1996-01-02,2011-04-28
sp500,NOW,2019-11-21,
sp500,NRG,2010-01-29,
sp500,NRTLQ,1996-01-02,2002-07-22
sp500,NSC,1996-01-02,
sp500,NSI,1996-01-02,2001-12-03
sp500,NSM,1996-01-02,2011-09-26
sp500,NTAP,1999-06-25,
sp500,NTRS,1998-01-30,
sp500,NUE,1996-01-02,
sp500,NVDA,2001-11-30,
sp500,NVLS,2000-06-19,2012-06-05
sp500,NVR,2019-09-26,
sp500,NWL,1996-01-02,2023-09-18
sp500,NWSA,2013-07-01,
sp500,NXPI,2021-03-22,
sp500,NXTL,1998-04-01,2005-08-15
sp500,NYN,1996-01-02,1997-08-15
sp500,NYT,1996-01-02,2010-12-20
sp500,NYX,2007-10-25,2013-11-13
sp500,O,2015-04-07,
sp500,OAT,1996-01-02,2001-08-03
sp500,ODFL,2019-12-09,
sp500,ODP,1999-06-24,2010-12-20
sp500,OGN,2021-06-04,2023-10-18
sp500,OI,1997-08-04,2000-12-11
sp500,OI,2009-01-02,2016-12-02
sp500,OK,1999-12-02,2001-04-02
sp500,OKE,1996-01-02,2001-08-30
sp500,OKE,2010-03-15,
sp500,OM,1996-01-02,1996-10-01
sp500,OMC,1997-12-24,
sp500,OMX,1996-01-02,2008-06-23
sp500,ON,2022-06-21,
sp500,ONE,1996-01-02,2004-07-01
sp500,ORCL,1996-01-02,
sp500,ORLY,2009-03-27,
sp500,ORX,1996-01-02,1999-03-01
sp500,OTIS,2020-04-03,
sp500,OWENQ,1996-01-02,2000-10-02
sp500,OXY,1996-01-02,
sp500,P,2026-09-25,
sp500,PAC,1996-01-02,1997-04-01
sp500,PALM,2000-07-28,2002-08-14
sp500,PANW,2023-06-20,
sp500,PARA,1996-01-02,2025-08-08
sp500,PAS,1996-01-02,1998-01-30
sp500,PAYC,2020-01-28,2026-03-23
sp500,PAYX,1998-10-01,
sp500,PBCT,2008-11-13,2022-04-04
sp500,PBG,2001-05-14,2010-03-01
sp500,PBI,1996-01-02,2017-03-01
sp500,PBY,1996-01-02,2000-04-03
sp500,PCAR,1996-01-02,
sp500,PCG,1996-01-02,2019-01-18
sp500,PCG,2022-10-03,
sp500,PCH,1996-01-02,2001-07-09
sp500,PCP,2007-06-01,2016-02-01
sp500,PD,1996-01-02,2007-03-20
sp500,PDCO,2005-10-11,2018-03-19
sp500,PDG,1996-01-02,2002-07-22
sp500,PEG,1996-01-02,
sp500,PEL,1996-01-02,1997-06-19
sp500,PENN,2021-03-22,2022-09-19
sp500,PEP,1996-01-02,
sp500,PET,1996-01-02,1998-06-29
sp500,PETM,2012-10-05,2015-03-12
sp500,PFE,1996-01-02,
sp500,PFG,2002-07-22,
sp500,PG,1996-01-02,
sp500,PGL,1996-01-02,2007-02-22
sp500,PGN,1996-01-02,2012-07-02
sp500,PGR,1997-08-04,
sp500,PH,1996-01-02,
sp500,PHA,1996-01-02,2003-04-16
sp500,PHB,1996-01-02,1999-10-04
sp500,PHM,1996-01-02,
sp500,PKG,2017-07-26,
sp500,PLD,2003-07-17,
sp500,PLL,1996-01-02,2015-08-31
sp500,PLTR,2024-09-23,
sp500,PM,2008-03-31,
sp500,PMCS,2001-08-03,2007-07-02
sp500,PMI,1996-01-02,1996-05-31
sp500,PNC,1996-01-02,
sp500,PNR,2012-10-01,
sp500,PNU,1996-01-02,2000-04-03
sp500,PNW,1999-10-04,
sp500,PODD,2023-03-15,
sp500,POOL,2020-10-07,2026-06-22
sp500,PPG,1996-01-02,
sp500,PPL,1996-01-02,
sp500,PPW,1996-01-02,1999-11-30
sp500,PRD,1996-01-02,2000-12-12
sp500,PRGO,2011-12-19,2021-09-20
sp500,PRU,2002-07-22,
sp500,PSA,2005-08-19,
sp500,PSFT,1998-10-02,2004-12-29
sp500,PSKY,2025-08-08,
sp500,PSX,2012-05-01,
sp500,PTC,1997-04-03,2007-01-03
sp500,PTC,2021-04-20,
sp500,PTV,1999-11-05,2010-11-17
sp500,PVH,2013-02-14,2022-09-19
sp500,PVN,1996-01-02,2005-10-03
sp500,PVT,1998-08-31,1999-07-01
sp500,PWJ,1999-06-04,2000-11-06
sp500,PWR,2009-07-01,
sp500,PX,1996-01-02,2018-10-31
sp500,PXD,2008-09-24,2024-05-08
sp500,PYPL,2015-07-20,
sp500,PZE,1996-01-02,1998-12-31
sp500,Q,2025-11-03,
sp500,QCOM,1999-07-22,
sp500,QEP,2010-07-01,2015-07-01
sp500,QLGC,2000-12-12,2011-01-18
sp500,QRVO,2015-06-12,2024-12-23
sp500,QTRN,1999-11-16,2003-09-26
sp500,R,1996-01-02,2017-06-19
sp500,RAD,1996-01-02,2000-07-27
sp500,RAI,2002-09-04,2017-07-25
sp500,RAL,1996-01-02,2001-12-13
sp500,RATL,2002-02-01,2003-02-21
sp500,RBD,1996-01-02,1999-03-25
sp500,RBK,1996-01-02,2006-02-01
sp500,RCL,2014-12-05,
sp500,RDC,1996-01-02,2014-08-19
sp500,RDDT,2026-08-18,
sp500,RDS-A,1996-01-02,2002-07-22
sp500,REG,2017-03-02,
sp500,REGN,2013-05-01,
sp500,RF,1998-08-28,
sp500,RHI,2000-12-05,2024-06-24
sp500,RHT,2009-07-27,2019-07-15
sp500,RIG,1999-12-31,2008-12-19
sp500,RIG,2013-10-29,2017-07-26
sp500,RJF,2017-03-20,
sp500,RL,2007-02-02,
sp500,RLM,1996-01-02,2000-05-04
sp500,RMD,2017-07-26,
sp500,RML,1996-01-02,2000-12-12
sp500,RNB,1996-01-02,2000-01-03
sp500,ROH,1996-01-02,2009-04-02
sp500,ROK,1996-01-02,
sp500,ROL,2018-10-01,
sp500,ROP,2009-12-23,
sp500,ROST,2009-12-21,
sp500,RRC,2007-12-21,2018-06-18
sp500,RRD,1996-01-02,2012-12-12
sp500,RSG,2008-12-05,
sp500,RSHCQ,1996-01-02,2011-07-01
sp500,RTN,1996-01-02,2020-04-06
sp500,RTX,2020-04-03,
sp500,RVTY,1996-01-02,
sp500,RX,1996-11-04,2010-02-26
sp500,RYAN,1996-01-02,1997-01-02
sp500,RYC,1996-01-02,1999-08-13
sp500,RYI,1996-01-02,1998-07-01
sp500,S,1996-01-02,2013-07-09
sp500,SAF,1996-01-02,2008-09-23
sp500,SAI,1997-07-17,1999-01-04
sp500,SANM,2000-06-21,2007-07-02
sp500,SAPE,2000-05-05,2002-05-13
sp500,SATS,2026-03-23,2026-06-24
sp500,SB,1996-01-02,1997-11-28
sp500,SBAC,2017-09-01,
sp500,SBL,2000-12-11,2007-01-10
sp500,SBUX,2000-06-08,
sp500,SCG,2009-01-02,2019-01-02
sp500,SCHW,1997-06-02,
sp500,SCI,1996-01-02,2000-03-16
sp500,SEBL,2000-05-05,2006-02-01
sp500,SEDG,2021-12-20,2023-12-18
sp500,SEE,1998-04-01,2023-12-18
sp500,SFA,1996-01-02,2006-02-27
sp500,SFS,1996-01-02,1997-07-28
sp500,SGID,1996-01-02,2000-06-21
sp500,SGP,1996-01-02,2009-11-04
sp500,SHN,1996-01-02,1997-01-02
sp500,SHW,1996-01-02,
sp500,SIAL,1996-01-02,2015-11-18
sp500,SIG,2015-07-29,2018-03-19
sp500,SIVB,2018-03-19,2023-03-15
sp500,SJM,2008-11-06,
sp500,SK,1996-01-02,1998-04-01
sp500,SLB,1996-01-02,
sp500,SLG,2015-03-23,2021-03-22
sp500,SLM,1998-07-01,2014-05-01
sp500,SLR,1998-12-31,2007-10-02
sp500,SMCI,2024-03-18,
sp500,SMI,1996-01-02,2000-12-12
sp500,SMS,1996-01-02,2000-06-08
sp500,SNA,1996-01-02,
sp500,SNDK,2025-11-28,
sp500,SNI,2008-07-01,2018-03-07
sp500,SNPS,2017-03-16,
sp500,SNT,1996-01-02,1999-10-26
sp500,SNV,1997-12-01,2008-01-02
sp500,SO,1996-01-02,
sp500,SOLS,2025-10-30,2025-12-22
sp500,SOLV,2024-04-01,
sp500,SOTR,1999-03-01,2004-11-01
sp500,SOV,2004-07-01,2009-01-30
sp500,SPG,2002-06-26,
sp500,SPGI,1996-01-02,
sp500,SRCL,2008-11-19,2018-12-03
sp500,SRE,1998-06-29,
sp500,SRR,1996-01-02,1997-10-07
sp500,SSP,2005-12-20,2008-07-01
sp500,STE,2019-12-23,
sp500,STI,1996-01-02,2019-12-09
sp500,STJ,1996-01-02,2017-01-05
sp500,STLD,2022-12-22,
sp500,STO,1996-01-02,1998-11-18
sp500,STR,2006-12-01,2010-07-01
sp500,STT,1997-08-18,
sp500,STX,2012-07-02,
sp500,STZ,2005-07-05,
sp500,SUN,1996-01-02,2012-10-05
sp500,SUNEQ,2007-05-31,2011-12-19
sp500,SVU,1996-01-02,2012-05-01
sp500,SW,2024-07-08,
sp500,SWK,1996-01-02,
sp500,SWKS,2015-03-12,
sp500,SWN,2008-06-06,2017-04-04
sp500,SWY,1998-11-13,2015-01-27
sp500,SXCL,1999-10-01,2001-05-14
sp500,SYF,2015-11-18,
sp500,SYK,2000-12-12,
sp500,SYY,1996-01-02,
sp500,T,1996-01-02,
sp500,TA,1996-01-02,1999-07-22
sp500,TAP,1996-01-02,2026-09-25
sp500,TCOMA,1996-01-02,1999-03-10
sp500,TDC,2007-10-01,2017-06-19
sp500,TDG,2016-06-03,
sp500,TDM,1996-01-02,1997-09-02
sp500,TDY,2020-06-22,
sp500,TECH,2021-08-30,
sp500,TEG,2007-02-22,2015-06-30
sp500,TEK,1996-01-02,2007-11-16
sp500,TEL,2007-07-02,2009-06-26
sp500,TEL,2011-10-17,
sp500,TEN,1996-01-02,1999-11-05
sp500,TER,1999-11-15,2013-12-23
sp500,TER,2020-09-21,
sp500,TEX,2006-12-20,2008-11-06
sp500,TFC,2019-12-09,
sp500,TFX,2019-01-18,2025-03-24
sp500,TGNA,1996-01-02,2017-06-02
sp500,TGT,1996-01-02,
sp500,THC,1996-01-02,2016-04-18
sp500,THY,1996-01-02,1996-10-16
sp500,TIE,2007-10-29,2012-12-24
sp500,TIF,2000-06-21,2021-01-07
sp500,TIN,1996-01-02,2007-12-31
sp500,TJX,1996-01-02,
sp500,TKO,2025-03-24,
sp500,TKR,1996-01-02,2001-08-07
sp500,TLAB,1996-01-02,2011-12-21
sp500,TMC,1996-01-02,2000-06-13
sp500,TMC-A,1996-01-02,2000-06-13
sp500,TMO,1997-01-02,
sp500,TMUS,2009-06-30,2013-05-01
sp500,TMUS,2019-07-15,
sp500,TNB,1996-01-02,2004-08-03
sp500,TOY,1996-01-02,2005-07-22
sp500,TPL,2024-11-26,
sp500,TPR,2004-09-01,
sp500,TRB,1996-01-02,2007-12-21
sp500,TRGP,2022-10-12,
sp500,TRIP,2011-12-21,2019-12-23
sp500,TRMB,2021-01-21,
sp500,TROW,1999-10-13,
sp500,TRV,1996-01-02,
sp500,TRW,1996-01-02,2002-12-12
sp500,TSCO,2014-01-24,
sp500,TSG,2000-03-16,2007-04-02
sp500,TSLA,2020-12-21,
sp500,TSN,2005-08-11,
sp500,TSS,2008-01-02,2019-09-23
sp500,TT,2002-05-13,2008-06-06
sp500,TT,2020-03-03,
sp500,TTD,2025-07-18,2026-09-25
sp500,TTWO,2018-03-19,
sp500,TUP,1996-05-31,2004-03-25
sp500,TWC,2009-03-30,2016-05-18
sp500,TWTR,2018-06-07,2022-11-01
sp500,TWX,1996-01-02,2018-06-15
sp500,TX,1996-01-02,2001-10-10
sp500,TXN,1996-01-02,
sp500,TXT,1996-01-02,
sp500,TXU,1996-01-02,2007-10-10
sp500,TYL,2020-06-22,
sp500,UAA,2014-05-01,2022-06-21
sp500,UAL,2015-09-03,
sp500,UAWGQ,1996-01-02,2002-05-15
sp500,UBER,2023-12-18,
sp500,UCC,1996-01-02,1999-05-03
sp500,UCL,1996-01-02,2005-08-11
sp500,UCM,1996-01-02,2000-10-23
sp500,UDR,2016-03-07,
sp500,UHS,2014-09-22,
sp500,UIS,1996-01-02,2008-11-11
sp500,UK,1996-01-02,2001-02-07
sp500,ULTA,2016-04-18,
sp500,UMG,1996-01-02,2000-06-15
sp500,UN,1996-01-02,2002-07-22
sp500,UNH,1996-01-02,
sp500,UNM,1996-01-02,2021-09-20
sp500,UNP,1996-01-02,
sp500,UPR,1996-10-16,2000-07-17
sp500,UPS,2002-07-22,
sp500,URBN,2010-02-08,2017-03-20
sp500,URI,2014-09-22,
sp500,USB,1996-01-02,
sp500,USBC,1996-01-02,1997-08-04
sp500,USH,1996-01-02,1997-06-18
sp500,USHC,1996-01-02,1996-07-19
sp500,USS,1996-01-02,1998-10-02
sp500,UST,1996-01-02,2009-01-06
sp500,USW,1996-01-02,2000-07-03
sp500,UTX,1996-01-02,2020-04-03
sp500,UVN,2001-02-07,2007-03-29
sp500,V,2009-12-21,
sp500,VAR,2007-02-12,2021-04-20
sp500,VAT,1996-01-02,1996-09-06
sp500,VEEV,2026-05-07,
sp500,VFC,1996-01-02,2024-04-01
sp500,VIAB,2006-01-03,2019-12-05
sp500,VIAV,2000-07-27,2013-12-23
sp500,VICI,2022-06-08,
sp500,VLO,2004-04-29,
sp500,VLTO,2023-10-02,
sp500,VMC,1999-07-01,
sp500,VMRK,2026-08-18,
sp500,VNO,2005-08-12,2023-01-04
sp500,VNT,2020-10-12,2021-03-22
sp500,VO,1996-01-02,2000-12-11
sp500,VRSK,2015-10-08,
sp500,VRSN,2006-02-01,
sp500,VRT,2026-03-23,
sp500,VRTX,2013-09-23,
sp500,VST,2024-05-08,
sp500,VSTNQ,2000-06-29,2006-01-03
sp500,VTR,2009-03-04,
sp500,VTRS,2020-11-17,
sp500,VTSS,2000-12-12,2002-08-21
sp500,VZ,1996-01-02,
sp500,WAB,2019-02-27,
sp500,WAI,1996-01-02,1998-08-11
sp500,WAMUQ,1997-07-02,2008-09-30
sp500,WAT,2002-01-02,
sp500,WB,1996-01-02,2009-01-02
sp500,WBA,1996-01-02,2025-08-28
sp500,WBD,2010-03-01,
sp500,WCG,2018-09-17,2020-01-28
sp500,WCOEQ,1996-04-01,2002-05-15
sp500,WDAY,2024-12-23,
sp500,WDC,2009-07-01,
sp500,WEC,2008-10-31,
sp500,WELL,2009-01-30,
sp500,WEN,1996-01-02,2008-09-30
sp500,WFC,1996-01-02,
sp500,WFM,2006-01-03,2017-08-28
sp500,WFT,2005-07-22,2009-02-26
sp500,WHR,1996-01-02,2024-03-18
sp500,WIN,2006-07-18,2015-04-07
sp500,WLA,1996-01-02,2000-06-20
sp500,WLL,1996-01-02,2002-02-11
sp500,WM,1998-07-17,
sp500,WMB,1996-01-02,
sp500,WMT,1996-01-02,
sp500,WMX,1996-01-02,1998-07-17
sp500,WNDXQ,1996-01-02,2004-12-03
sp500,WOR,1996-01-02,2004-12-20
sp500,WPX,2012-01-03,2014-03-24
sp500,WRB,2019-12-05,
sp500,WRK,2015-07-02,2024-07-08
sp500,WSM,2025-03-24,
sp500,WST,2020-05-22,
sp500,WTW,2016-01-05,
sp500,WU,2006-10-02,2021-12-20
sp500,WWY,1996-01-02,2008-10-07
sp500,WY,1996-01-02,
sp500,WYE,1996-01-02,2009-10-16
sp500,WYND,2006-08-01,2018-05-31
sp500,WYNN,2008-11-14,
sp500,X,1996-01-02,2014-07-02
sp500,XEC,2014-06-20,2020-03-03
sp500,XEL,1996-01-02,
sp500,XL,2001-09-04,2018-09-12
sp500,XLNX,1999-11-08,2022-02-15
sp500,XOM,1996-01-02,
sp500,XRAY,2008-11-14,2024-04-02
sp500,XRX,1996-01-02,2021-03-22
sp500,XTO,2004-12-29,2010-06-28
sp500,XYL,2011-11-01,
sp500,XYZ,2025-07-23,
sp500,YNR,2000-01-06,2000-10-03
sp500,YRCW,1996-01-02,1996-11-04
sp500,YUM,1997-10-07,
sp500,ZBH,2001-08-07,
sp500,ZBRA,2019-12-23,
sp500,ZION,2001-06-25,2024-03-18
sp500,ZTS,2013-06-24,
sx5e,ABI_BR,2009-09-21,
sx5e,ACA_PA,2009-01-01,2011-09-19
sx5e,ADS_DE,2016-09-19,
sx5e,ADYEN_AS,2020-09-21,
sx5e,AD_AS,2016-09-19,
sx5e,AGN_AS,2009-01-01,2010-09-20
sx5e,AGS_BR,2009-01-01,2009-09-21
sx5e,AIR_PA,2013-03-18,
sx5e,AI_PA,2009-01-01,
sx5e,ALO_PA,2009-01-01,2011-09-19
sx5e,ALV_DE,2009-01-01,
sx5e,AMS_MC,2018-09-24,2021-09-20
sx5e,ARGX_BR,2025-09-22,
sx5e,ASML_AS,2012-06-18,
sx5e,BAS_DE,2009-01-01,
sx5e,BAYN_DE,2009-01-01,
sx5e,BBVA_MC,2009-01-01,2020-09-21
sx5e,BBVA_MC,2021-09-20,
sx5e,BMW_DE,2010-09-20,
sx5e,BNP_PA,2009-01-01,
sx5e,BN_PA,2009-01-01,
sx5e,CA_PA,2009-01-01,2016-09-19
sx5e,CRG_IR,2009-09-21,2014-09-22
sx5e,CRG_IR,2016-09-19,2023-09-18
sx5e,CS_PA,2009-01-01,
sx5e,DB1_DE,2009-01-01,2012-06-18
sx5e,DB1_DE,2019-09-23,
sx5e,DBK_DE,2009-01-01,2018-09-24
sx5e,DBK_DE,2025-09-22,
sx5e,DG_PA,2009-01-01,
sx5e,DHL_DE,2013-09-23,
sx5e,DTE_DE,2009-01-01,
sx5e,EL_PA,2012-06-18,
sx5e,ENEL_MI,2009-01-01,
sx5e,ENGI_PA,2009-01-01,2021-09-20
sx5e,ENI_MI,2009-01-01,
sx5e,ENR_DE,2025-09-22,
sx5e,EOAN_DE,2009-01-01,2018-09-24
sx5e,FLTR_IR,2020-11-30,2023-12-18
sx5e,FRE_DE,2015-09-21,2020-09-21
sx5e,GLE_PA,2009-01-01,2020-09-21
sx5e,G_MI,2009-01-01,2016-09-19
sx5e,IBE_MC,2009-01-01,
sx5e,IFX_DE,2021-03-22,
sx5e,INGA_AS,2009-01-01,
sx5e,ISP_MI,2009-01-01,
sx5e,ITX_MC,2011-09-19,
sx5e,KER_PA,2018-09-24,2025-09-22
sx5e,KNEBV_HE,2020-09-21,2022-09-19
sx5e,LIN_DE,2018-09-24,2023-03-01
sx5e,MBG_DE,2009-01-01,
sx5e,MC_PA,2009-01-01,
sx5e,MT_AS,2009-01-01,2013-09-23
sx5e,MUV2_DE,2009-01-01,
sx5e,NDA-FI_HE,2022-09-19,
sx5e,NOKIA_HE,2009-01-01,2013-03-18
sx5e,NOKIA_HE,2014-09-22,2021-03-22
sx5e,NOKIA_HE,2022-09-19,2025-09-22
sx5e,ORA_PA,2009-01-01,2020-09-21
sx5e,OR_PA,2009-01-01,
sx5e,PHIA_AS,2009-01-01,2022-09-19
sx5e,PRX_AS,2020-09-21,
sx5e,RACE_MI,2023-09-18,
sx5e,REP_MC,2009-01-01,2015-09-21
sx5e,RHM_DE,2025-09-22,
sx5e,RI_PA,2020-09-21,2025-09-22
sx5e,RMS_PA,2021-12-20,
sx5e,RNO_PA,2009-01-01,2009-09-21
sx5e,RWE_DE,2009-01-01,2015-09-21
sx5e,SAF_PA,2015-09-21,
sx5e,SAN_MC,2009-01-01,
sx5e,SAN_PA,2009-01-01,
sx5e,SAP_DE,2009-01-01,
sx5e,SGO_PA,2009-01-01,2018-09-24
sx5e,SGO_PA,2023-09-18,
sx5e,SIE_DE,2009-01-01,
sx5e,STLAM_MI,2021-09-20,2025-09-22
sx5e,SU_PA,2009-01-01,
sx5e,TEF_MC,2009-01-01,2020-09-21
sx5e,TIT_MI,2009-01-01,2012-06-18
sx5e,TTE_PA,2009-01-01,
sx5e,UCG_MI,2009-01-01,2016-09-19
sx5e,UCG_MI,2023-03-01,
sx5e,UMG_AS,2021-09-20,2021-12-20
sx5e,UNA_AS,2009-01-01,2020-11-30
sx5e,VIV_PA,2009-01-01,2021-09-20
sx5e,VNA_DE,2020-09-21,2023-09-18
sx5e,VOW_DE,2009-01-01,2010-02-08
sx5e,VOW_DE,2011-09-19,
sx5e,WKL_AS,2023-12-18,
