index,id,start,end,first_price,action
sp500,H,2006-08-01,2007-04-10,2009-11-05,dropped
sp500,BAY,1996-02-12,1998-08-31,2026-05-06,dropped
sp500,GNT,1996-03-13,1998-07-01,2011-01-27,dropped
sp500,EMC,1996-03-28,2016-09-07,2023-05-15,dropped
sp500,NLV,1996-04-01,2000-01-06,2007-03-14,dropped
sp500,SEG,1996-08-16,2000-11-22,2024-07-30,dropped
sp500,DELL,1996-09-06,2013-10-29,2016-08-17,dropped
sp500,LU,1996-10-01,2006-12-01,2020-10-30,dropped
sp500,GDT,1996-12-19,2006-04-24,2026-01-22,dropped
sp500,FRO,1997-01-02,1999-09-29,2001-08-06,dropped
sp500,CNC,1997-01-15,2002-07-25,2001-12-13,dropped
sp500,APC,1997-07-28,2019-08-09,2026-02-12,dropped
sp500,MIR,1997-08-07,2000-06-01,2020-08-20,dropped
sp500,MIR,2001-04-03,2003-07-17,2020-08-20,dropped
sp500,BBT,1997-12-04,2019-12-09,2000-06-28,dropped
sp500,SUB,1998-01-28,2001-03-01,2008-11-19,dropped
sp500,ASND,1998-06-12,1999-06-25,2015-01-28,dropped
sp500,FMY,1998-07-10,1999-05-28,2005-05-26,dropped
sp500,DG,1998-07-16,2007-07-09,2009-11-13,dropped
sp500,UPC,1998-10-01,2004-07-01,2021-03-23,dropped
sp500,SPLS,1998-10-07,2017-09-13,2026-01-16,dropped
sp500,PCS,1998-11-24,2004-04-23,2025-08-01,dropped
sp500,CPWR,1999-01-04,2012-01-03,2006-12-04,dropped
sp500,ASO,1999-03-10,2006-11-06,2020-10-02,dropped
sp500,ADCT,1999-08-02,2007-07-02,2020-05-18,dropped
sp500,TOS,1999-09-20,2001-09-17,2026-01-29,dropped
sp500,BBBY,1999-10-01,2017-07-26,2026-07-17,dropped
sp500,CNXT,2000-01-31,2002-06-26,2014-07-24,dropped
sp500,VRTS,2000-04-03,2005-07-05,2009-01-02,dropped
sp500,MEDI,2000-06-16,2007-06-01,2022-11-17,dropped
sp500,CF,2000-06-19,2004-09-01,2005-08-11,dropped
sp500,Q,2000-07-06,2011-04-01,2025-10-27,dropped
sp500,AV,2000-10-02,2007-10-26,2026-05-06,dropped
sp500,DYN,2000-10-03,2009-12-21,2020-09-17,dropped
sp500,KG,2000-10-03,2010-12-20,2008-05-06,dropped
sp500,PWER,2000-10-23,2005-03-14,2023-11-29,dropped
sp500,KMI,2000-12-12,2007-05-31,2011-02-11,dropped
sp500,NE,2001-01-16,2009-03-27,2021-06-09,dropped
sp500,NE,2011-01-18,2015-07-20,2021-06-09,dropped
sp500,CE,2001-04-02,2004-02-27,2005-01-21,dropped
sp500,TE,2001-10-10,2016-07-01,2020-01-10,dropped
sp500,GENZ,2001-12-14,2011-04-04,2008-01-24,dropped
sp500,PCL,2002-01-17,2016-02-22,2025-08-05,dropped
sp500,MI,2002-02-11,2011-07-06,2015-11-25,dropped
sp500,SDS,2002-07-22,2005-08-12,2006-07-13,dropped
sp500,SHLD,2005-03-28,2012-09-05,2023-09-14,dropped
sp500,SNDK,2006-04-20,2016-05-12,2025-02-13,dropped
sp500,EQ,2006-05-18,2009-07-01,2018-10-12,dropped
sp500,SII,2006-10-02,2010-08-27,2010-02-22,dropped
sp500,SE,2007-01-03,2017-02-27,2017-10-20,dropped
sp500,POM,2007-11-09,2016-03-24,2025-10-08,dropped
sp500,CAM,2008-01-29,2016-04-04,2025-10-06,dropped
sp500,LIFE,2008-11-24,2014-01-24,2026-01-29,dropped
sp500,NFX,2010-12-20,2019-02-15,2026-07-07,dropped
sp500,MMI,2011-01-04,2012-05-22,2013-10-31,dropped
sp500,ADT,2012-10-02,2016-05-02,2018-01-19,dropped
sp500,CSRA,2015-11-30,2018-04-04,2026-08-12,dropped
sp500,INFO,2017-06-02,2022-03-02,2024-10-10,dropped
sp500,SBNY,2021-12-20,2023-03-15,2024-08-15,dropped
sx5e,URW_PA,2010-02-08,2019-09-23,2023-04-14,dropped
n225,8729_JP,2011-11-12,2020-07-28,2025-09-29,dropped
hsi,1880_HK,2010-09-06,2017-07-19,2022-08-25,dropped
sp500,IR,2010-11-17,,2017-05-12,start moved to first price
sp500,ELV,1999-06-09,,2001-10-30,start moved to first price
sp500,FOXA,2004-12-20,,2019-03-12,start moved to first price
