id,yahoo,checked
0011_HK,0011.HK,2026-09-25
0494_HK,0494.HK,2026-09-25
1334_JP,1334.T,2026-09-25
1COV_DE,1COV.DE,2026-09-25
2202_JP,2202.T,2026-09-25
2261_JP,2261.T,2026-09-25
3404_JP,3404.T,2026-09-25
3893_JP,3893.T,2026-09-25
5001_JP,5001.T,2026-09-25
5002_JP,5002.T,2026-09-25
5405_JP,5405.T,2026-09-25
5407_JP,5407.T,2026-09-25
5413_JP,5413.T,2026-09-25
5701_JP,5701.T,2026-09-25
6502_JP,6502.T,2026-09-25
6764_JP,6764.T,2026-09-25
6767_JP,6767.T,2026-09-25
6773_JP,6773.T,2026-09-25
6796_JP,6796.T,2026-09-25
6991_JP,6991.T,2026-09-25
7205_JP,7205.T,2026-09-25
8028_JP,8028.T,2026-09-25
8270_JP,8270.T,2026-09-25
8332_JP,8332.T,2026-09-25
8355_JP,8355.T,2026-09-25
8403_JP,8403.T,2026-09-25
8404_JP,8404.T,2026-09-25
8606_JP,8606.T,2026-09-25
8755_JP,8755.T,2026-09-25
8815_JP,8815.T,2026-09-25
9062_JP,9062.T,2026-09-25
9437_JP,9437.T,2026-09-25
9613_JP,9613.T,2026-09-25
9681_JP,9681.T,2026-09-25
9737_JP,9737.T,2026-09-25
AABA,AABA,2026-09-25
AAMRQ,AAMRQ,2026-09-25
ABKFQ,ABKFQ,2026-09-25
ABMD,ABMD,2026-09-25
ABS,ABS,2026-09-25
ACAS,ACAS,2026-09-25
ACA_UK,ACA.L,2026-09-25
ACKH,ACKH,2026-09-25
ACS,ACS,2026-09-25
ADN_UK,ADN.L,2026-09-25
AET,AET,2026-09-25
AFS-A,AFS-A,2026-09-25
AGC,AGC,2026-09-25
AGK_UK,AGK.L,2026-09-25
AGN,AGN,2026-09-25
AHM,AHM,2026-09-25
AHT_UK,AHT.L,2026-09-25
AKS,AKS,2026-09-25
AL,AL,2026-09-25
ALTR,ALTR,2026-09-25
ALU_PA,ALU.PA,2026-09-25
ALXN,ALXN,2026-09-25
AMCC,AMCC,2026-09-25
AMFW_UK,AMFW.L,2026-09-25
ANDV,ANDV,2026-09-25
ANDW,ANDW,2026-09-25
ANRZQ,ANRZQ,2026-09-25
ANSS,ANSS,2026-09-25
APCC,APCC,2026-09-25
APOL,APOL,2026-09-25
ARC,ARC,2026-09-25
ARG,ARG,2026-09-25
ARM_UK,ARM.L,2026-09-25
ARNC,ARNC,2026-09-25
ASN,ASN,2026-09-25
AT,AT,2026-09-25
ATC_AS,ATC.AS,2026-09-25
ATGE,ATGE,2026-09-25
ATLN_SW,ATLN.SW,2026-09-25
ATVI,ATVI,2026-09-25
AU_UK,AU.L,2026-09-25
AVB,AVB,2026-09-25
AVP,AVP,2026-09-25
AVST_UK,AVST.L,2026-09-25
AVV_UK,AVV.L,2026-09-25
AW,AW,2026-09-25
AWE,AWE,2026-09-25
AYE,AYE,2026-09-25
AZA-A,AZA-A,2026-09-25
BALN_SW,BALN.SW,2026-09-25
BBI,BBI,2026-09-25
BCR,BCR,2026-09-25
BDK,BDK,2026-09-25
BEV,BEV,2026-09-25
BFI,BFI,2026-09-25
BFO,BFO,2026-09-25
BGEN,BGEN,2026-09-25
BGG,BGG,2026-09-25
BG_UK,BG.L,2026-09-25
BHGE,BHGE,2026-09-25
BHMSQ,BHMSQ,2026-09-25
BIG,BIG,2026-09-25
BJS,BJS,2026-09-25
BK,BK,2026-09-25
BKB,BKB,2026-09-25
BLS,BLS,2026-09-25
BLY,BLY,2026-09-25
BMC,BMC,2026-09-25
BMET,BMET,2026-09-25
BMGCA,BMGCA,2026-09-25
BMS,BMS,2026-09-25
BNI,BNI,2026-09-25
BOKA_AS,BOKA.AS,2026-09-25
BOL,BOL,2026-09-25
BRCM,BRCM,2026-09-25
BRL,BRL,2026-09-25
BSC,BSC,2026-09-25
BT,BT,2026-09-25
BTUUQ,BTUUQ,2026-09-25
BVSN,BVSN,2026-09-25
BXLT,BXLT,2026-09-25
CA,CA,2026-09-25
CBB,CBB,2026-09-25
CBE,CBE,2026-09-25
CBH,CBH,2026-09-25
CBRY_UK,CBRY.L,2026-09-25
CBSS,CBSS,2026-09-25
CCE,CCE,2026-09-25
CCL_UK,CCL.L,2026-09-25
CCTYQ,CCTYQ,2026-09-25
CDAY,CDAY,2026-09-25
CELG,CELG,2026-09-25
CEN,CEN,2026-09-25
CEPH,CEPH,2026-09-25
CERN,CERN,2026-09-25
CFC,CFC,2026-09-25
CFL,CFL,2026-09-25
CFN,CFN,2026-09-25
CGP,CGP,2026-09-25
CHIR,CHIR,2026-09-25
CHK,CHK,2026-09-25
CIN,CIN,2026-09-25
CIT-A,CIT-A,2026-09-25
CITGQ,CITGQ,2026-09-25
CMA,CMA,2026-09-25
CMB,CMB,2026-09-25
CMCSK,CMCSK,2026-09-25
CMVT,CMVT,2026-09-25
CMX,CMX,2026-09-25
CNG,CNG,2026-09-25
CNW,CNW,2026-09-25
COB_UK,COB.L,2026-09-25
COC-B,COC-B,2026-09-25
COL,COL,2026-09-25
CORA_AS,CORA.AS,2026-09-25
COV,COV,2026-09-25
CPGX,CPGX,2026-09-25
CPNLQ,CPNLQ,2026-09-25
CPQ,CPQ,2026-09-25
CRG_IR,CRG.IR,2026-09-25
CRH_UK,CRH.L,2026-09-25
CRR,CRR,2026-09-25
CSE,CSE,2026-09-25
CSGN_SW,CSGN.SW,2026-09-25
CTB,CTB,2026-09-25
CTLT,CTLT,2026-09-25
CTRA,CTRA,2026-09-25
CTX,CTX,2026-09-25
CTXS,CTXS,2026-09-25
CVC,CVC,2026-09-25
CVG,CVG,2026-09-25
CVH,CVH,2026-09-25
CWC_UK,CWC.L,2026-09-25
CWW_UK,CWW.L,2026-09-25
CXO,CXO,2026-09-25
CYM,CYM,2026-09-25
CYR,CYR,2026-09-25
DALRQ,DALRQ,2026-09-25
DARK_UK,DARK.L,2026-09-25
DAY,DAY,2026-09-25
DCNAQ,DCNAQ,2026-09-25
DDR,DDR,2026-09-25
DE_AS,DE.AS,2026-09-25
DF,DF,2026-09-25
DFS,DFS,2026-09-25
DGN,DGN,2026-09-25
DI,DI,2026-09-25
DISH,DISH,2026-09-25
DJ,DJ,2026-09-25
DLG_UK,DLG.L,2026-09-25
DL_AS,DL.AS,2026-09-25
DNB,DNB,2026-09-25
DNR,DNR,2026-09-25
DO,DO,2026-09-25
DPB_DE,DPB.DE,2026-09-25
DPHIQ,DPHIQ,2026-09-25
DPH_UK,DPH.L,2026-09-25
DRE,DRE,2026-09-25
DSM_AS,DSM.AS,2026-09-25
DTV,DTV,2026-09-25
DWDP,DWDP,2026-09-25
EA,EA,2026-09-25
EDF_PA,EDF.PA,2026-09-25
EDS,EDS,2026-09-25
EKDKQ,EKDKQ,2026-09-25
ENDP,ENDP,2026-09-25
ENRC_UK,ENRC.L,2026-09-25
ENRNQ,ENRNQ,2026-09-25
EOP,EOP,2026-09-25
EQR,EQR,2026-09-25
ESRX,ESRX,2026-09-25
ESSR_UK,ESSR.L,2026-09-25
ESV,ESV,2026-09-25
ETFC,ETFC,2026-09-25
EVHC,EVHC,2026-09-25
EVR_UK,EVR.L,2026-09-25
FBF,FBF,2026-09-25
FBO,FBO,2026-09-25
FDC,FDC,2026-09-25
FDO,FDO,2026-09-25
FERG_UK,FERG.L,2026-09-25
FII,FII,2026-09-25
FJ,FJ,2026-09-25
FL,FL,2026-09-25
FLG_UK,FLG.L,2026-09-25
FLIR,FLIR,2026-09-25
FLMIQ,FLMIQ,2026-09-25
FLTR_IR,FLTR.IR,2026-09-25
FLTR_UK,FLTR.L,2026-09-25
FLTWQ,FLTWQ,2026-09-25
FORA_AS,FORA.AS,2026-09-25
FPC,FPC,2026-09-25
FP_UK,FP.L,2026-09-25
FRC,FRC,2026-09-25
FRX,FRX,2026-09-25
FSH,FSH,2026-09-25
FSL,FSL,2026-09-25
FTL-A,FTL-A,2026-09-25
FTR,FTR,2026-09-25
FWLT,FWLT,2026-09-25
GAPTQ,GAPTQ,2026-09-25
GAS,GAS,2026-09-25
GDW,GDW,2026-09-25
GFS-A,GFS-A,2026-09-25
GFS_UK,GFS.L,2026-09-25
GGP,GGP,2026-09-25
GIDL,GIDL,2026-09-25
GKN_UK,GKN.L,2026-09-25
GLK,GLK,2026-09-25
GLPG_AS,GLPG.AS,2026-09-25
GMCR,GMCR,2026-09-25
GPU,GPU,2026-09-25
GRA,GRA,2026-09-25
GSX,GSX,2026-09-25
GTO_AS,GTO.AS,2026-09-25
GTW,GTW,2026-09-25
GWF,GWF,2026-09-25
GX,GX,2026-09-25
HAR,HAR,2026-09-25
HBI,HBI,2026-09-25
HBOC,HBOC,2026-09-25
HBOS_UK,HBOS.L,2026-09-25
HCBK,HCBK,2026-09-25
HCR,HCR,2026-09-25
HDLM,HDLM,2026-09-25
HES,HES,2026-09-25
HET,HET,2026-09-25
HFC,HFC,2026-09-25
HFS,HFS,2026-09-25
HI,HI,2026-09-25
HL_UK,HL.L,2026-09-25
HM,HM,2026-09-25
HMA,HMA,2026-09-25
HNZ,HNZ,2026-09-25
HOLX,HOLX,2026-09-25
HOT,HOT,2026-09-25
HPC,HPC,2026-09-25
HPH,HPH,2026-09-25
HSH,HSH,2026-09-25
HSP,HSP,2026-09-25
HSV_UK,HSV.L,2026-09-25
I,I,2026-09-25
IAC,IAC,2026-09-25
IAP_UK,IAP.L,2026-09-25
IDS_UK,IDS.L,2026-09-25
IGT,IGT,2026-09-25
IKN,IKN,2026-09-25
IMNX,IMNX,2026-09-25
IM_AS,IM.AS,2026-09-25
INCLF,INCLF,2026-09-25
INTU_UK,INTU.L,2026-09-25
IPG,IPG,2026-09-25
IPR_UK,IPR.L,2026-09-25
ISAT_UK,ISAT.L,2026-09-25
ISYS_UK,ISYS.L,2026-09-25
JCP,JCP,2026-09-25
JDEP_AS,JDEP.AS,2026-09-25
JET_UK,JET.L,2026-09-25
JE_UK,JE.L,2026-09-25
JH,JH,2026-09-25
JHF,JHF,2026-09-25
JNPR,JNPR,2026-09-25
JNS,JNS,2026-09-25
JNY,JNY,2026-09-25
JOS,JOS,2026-09-25
JOY,JOY,2026-09-25
JP,JP,2026-09-25
JWN,JWN,2026-09-25
K,K,2026-09-25
KATE,KATE,2026-09-25
KAZ_UK,KAZ.L,2026-09-25
KM,KM,2026-09-25
KMG,KMG,2026-09-25
KN_PA,KN.PA,2026-09-25
KRB,KRB,2026-09-25
KRFT,KRFT,2026-09-25
KRI,KRI,2026-09-25
KSE,KSE,2026-09-25
KSU,KSU,2026-09-25
KWP,KWP,2026-09-25
LDG,LDG,2026-09-25
LDW-B,LDW-B,2026-09-25
LEG,LEG,2026-09-25
LEHMQ,LEHMQ,2026-09-25
LLL,LLL,2026-09-25
LLTC,LLTC,2026-09-25
LLX,LLX,2026-09-25
LM,LM,2026-09-25
LMI_UK,LMI.L,2026-09-25
LO,LO,2026-09-25
LOR,LOR,2026-09-25
LSI,LSI,2026-09-25
LUB,LUB,2026-09-25
LVLT,LVLT,2026-09-25
LXK,LXK,2026-09-25
MAN_DE,MAN.DE,2026-09-25
MAY,MAY,2026-09-25
MCRO_UK,MCRO.L,2026-09-25
MDC_UK,MDC.L,2026-09-25
MDP,MDP,2026-09-25
MDR,MDR,2026-09-25
MEA,MEA,2026-09-25
MEE,MEE,2026-09-25
MEL,MEL,2026-09-25
MER,MER,2026-09-25
MERL_UK,MERL.L,2026-09-25
MERQ,MERQ,2026-09-25
MFE,MFE,2026-09-25
MGGT_UK,MGGT.L,2026-09-25
MHS,MHS,2026-09-25
MII,MII,2026-09-25
MIL,MIL,2026-09-25
MJN,MJN,2026-09-25
MKG,MKG,2026-09-25
MMC,MMC,2026-09-25
MNK,MNK,2026-09-25
MOLX,MOLX,2026-09-25
MON,MON,2026-09-25
MRO,MRO,2026-09-25
MRW_UK,MRW.L,2026-09-25
MTL,MTL,2026-09-25
MTLQQ,MTLQQ,2026-09-25
MWI,MWI,2026-09-25
MWV,MWV,2026-09-25
MWW,MWW,2026-09-25
MXIM,MXIM,2026-09-25
MYG,MYG,2026-09-25
MYL,MYL,2026-09-25
MZIAQ,MZIAQ,2026-09-25
NAE,NAE,2026-09-25
NAV,NAV,2026-09-25
NBL,NBL,2026-09-25
NCC,NCC,2026-09-25
NCE,NCE,2026-09-25
NCR,NCR,2026-09-25
NFB,NFB,2026-09-25
NGH,NGH,2026-09-25
NLC,NLC,2026-09-25
NLSN,NLSN,2026-09-25
NMC_UK,NMC.L,2026-09-25
NMK,NMK,2026-09-25
NOBE_SW,NOBE.SW,2026-09-25
NOVL,NOVL,2026-09-25
NRTLQ,NRTLQ,2026-09-25
NSM,NSM,2026-09-25
NVLS,NVLS,2026-09-25
NXTL,NXTL,2026-09-25
NYN,NYN,2026-09-25
NYX,NYX,2026-09-25
OAT,OAT,2026-09-25
ODP,ODP,2026-09-25
OK,OK,2026-09-25
OML_UK,OML.L,2026-09-25
OMX,OMX,2026-09-25
ONE,ONE,2026-09-25
ORX,ORX,2026-09-25
OWENQ,OWENQ,2026-09-25
PALM,PALM,2026-09-25
PAS,PAS,2026-09-25
PBCT,PBCT,2026-09-25
PBG,PBG,2026-09-25
PBY,PBY,2026-09-25
PCH,PCH,2026-09-25
PCP,PCP,2026-09-25
PDCO,PDCO,2026-09-25
PDG,PDG,2026-09-25
PEL,PEL,2026-09-25
PET,PET,2026-09-25
PETM,PETM,2026-09-25
PFC_UK,PFC.L,2026-09-25
PFG_UK,PFG.L,2026-09-25
PGL,PGL,2026-09-25
PGN,PGN,2026-09-25
PHA,PHA,2026-09-25
PHB,PHB,2026-09-25
PLL,PLL,2026-09-25
PMCS,PMCS,2026-09-25
PNU,PNU,2026-09-25
POLY_UK,POLY.L,2026-09-25
PPW,PPW,2026-09-25
PRD,PRD,2026-09-25
PSFT,PSFT,2026-09-25
PTV,PTV,2026-09-25
PVN,PVN,2026-09-25
PVT,PVT,2026-09-25
PWJ,PWJ,2026-09-25
PX,PX,2026-09-25
PXD,PXD,2026-09-25
PZE,PZE,2026-09-25
QEP,QEP,2026-09-25
QLGC,QLGC,2026-09-25
QTRN,QTRN,2026-09-25
RAD,RAD,2026-09-25
RAI,RAI,2026-09-25
RATL,RATL,2026-09-25
RBD,RBD,2026-09-25
RBK,RBK,2026-09-25
RDC,RDC,2026-09-25
RDS-A,RDS-A,2026-09-25
REX_UK,REX.L,2026-09-25
RHT,RHT,2026-09-25
RIGN_SW,RIGN.SW,2026-09-25
RLM,RLM,2026-09-25
RML,RML,2026-09-25
RNB,RNB,2026-09-25
ROH,ROH,2026-09-25
RRD,RRD,2026-09-25
RRS_UK,RRS.L,2026-09-25
RSA_UK,RSA.L,2026-09-25
RSHCQ,RSHCQ,2026-09-25
RTN,RTN,2026-09-25
RX,RX,2026-09-25
RYC,RYC,2026-09-25
RYI,RYI,2026-09-25
SAB_UK,SAB.L,2026-09-25
SAF,SAF,2026-09-25
SAI,SAI,2026-09-25
SAPE,SAPE,2026-09-25
SATS,SATS,2026-09-25
SBL,SBL,2026-09-25
SCG,SCG,2026-09-25
SEBL,SEBL,2026-09-25
SEE,SEE,2026-09-25
SEV_PA,SEV.PA,2026-09-25
SFA,SFA,2026-09-25
SFS,SFS,2026-09-25
SGID,SGID,2026-09-25
SHN,SHN,2026-09-25
SHP_UK,SHP.L,2026-09-25
SIAL,SIAL,2026-09-25
SIVB,SIVB,2026-09-25
SKG_UK,SKG.L,2026-09-25
SKY_UK,SKY.L,2026-09-25
SLR,SLR,2026-09-25
SMDS_UK,SMDS.L,2026-09-25
SMI,SMI,2026-09-25
SMS,SMS,2026-09-25
SNI,SNI,2026-09-25
SNV,SNV,2026-09-25
SOTR,SOTR,2026-09-25
SOV,SOV,2026-09-25
SRCL,SRCL,2026-09-25
SRR,SRR,2026-09-25
STJ,STJ,2026-09-25
STO,STO,2026-09-25
STR,STR,2026-09-25
SUNEQ,SUNEQ,2026-09-25
SVU,SVU,2026-09-25
SWN,SWN,2026-09-25
SWY,SWY,2026-09-25
SXCL,SXCL,2026-09-25
SYNN_SW,SYNN.SW,2026-09-25
SYST_SW,SYST.SW,2026-09-25
TA,TA,2026-09-25
TCG_UK,TCG.L,2026-09-25
TCOMA,TCOMA,2026-09-25
TEC_PA,TEC.PA,2026-09-25
TEG,TEG,2026-09-25
TGNA,TGNA,2026-09-25
TIE,TIE,2026-09-25
TIF,TIF,2026-09-25
TIN,TIN,2026-09-25
TKWY_AS,TKWY.AS,2026-09-25
TLAB,TLAB,2026-09-25
TMC-A,TMC-A,2026-09-25
TNB,TNB,2026-09-25
TNTE_AS,TNTE.AS,2026-09-25
TOY,TOY,2026-09-25
TRB,TRB,2026-09-25
TRIL_UK,TRIL.L,2026-09-25
TRW,TRW,2026-09-25
TSG,TSG,2026-09-25
TSS,TSS,2026-09-25
TT_UK,TT.L,2026-09-25
TUI_UK,TUI.L,2026-09-25
TUP,TUP,2026-09-25
TWC,TWC,2026-09-25
TWTR,TWTR,2026-09-25
TWX,TWX,2026-09-25
TXU,TXU,2026-09-25
UAWGQ,UAWGQ,2026-09-25
UCM,UCM,2026-09-25
UG_PA,UG.PA,2026-09-25
UMG,UMG,2026-09-25
UPR,UPR,2026-09-25
URW_AS,URW.AS,2026-09-25
USG_AS,USG.AS,2026-09-25
USH,USH,2026-09-25
USHC,USHC,2026-09-25
USS,USS,2026-09-25
USW,USW,2026-09-25
UTX,UTX,2026-09-25
UVN,UVN,2026-09-25
VAR,VAR,2026-09-25
VAT,VAT,2026-09-25
VED_UK,VED.L,2026-09-25
VIAB,VIAB,2026-09-25
VSTNQ,VSTNQ,2026-09-25
VTSS,VTSS,2026-09-25
VYLR,VYLR,2026-10-09
WAI,WAI,2026-09-25
WAMUQ,WAMUQ,2026-09-25
WBA,WBA,2026-09-25
WCG,WCG,2026-09-25
WCOEQ,WCOEQ,2026-09-25
WDI_DE,WDI.DE,2026-09-25
WFM,WFM,2026-09-25
WFT,WFT,2026-09-25
WG_UK,WG.L,2026-09-25
WIN,WIN,2026-09-25
WLA,WLA,2026-09-25
WLL,WLL,2026-09-25
WMH_UK,WMH.L,2026-09-25
WNDXQ,WNDXQ,2026-09-25
WPG_UK,WPG.L,2026-09-25
WPX,WPX,2026-09-25
WRK,WRK,2026-09-25
WWY,WWY,2026-09-25
WYE,WYE,2026-09-25
WYND,WYND,2026-09-25
X,X,2026-09-25
XEC,XEC,2026-09-25
XL,XL,2026-09-25
XLNX,XLNX,2026-09-25
XTA_UK,XTA.L,2026-09-25
XTO,XTO,2026-09-25
YNR,YNR,2026-09-25
YRCW,YRCW,2026-09-25
ZIGGO_AS,ZIGGO.AS,2026-09-25
